order_id,product_id,category,price,shipping_cost,revenue
10002,P5831,Electronics,109.06,8.72,117.78
10003,P1173,Electronics,54,3.45,57.45
10003,P2659,Beauty,35.7,6.68,42.38
10003,P1425,Home,56.63,5.68,62.31
10003,P2769,Beauty,46.15,4.93,51.08
10004,P8887,Books,84.5,5.54,90.04
10004,P3255,Books,100.8,2.9,103.7
10005,P6861,Apparel,55.78,6.8,62.58
10006,P3369,Electronics,85.77,10.26,96.03
10006,P1894,Electronics,44.97,12.78,57.75
10006,P4297,Beauty,60.46,15.24,75.7
10007,P8657,Apparel,57.96,5.84,63.8
10007,P6499,Sports,59.88,7.15,67.03
10007,P2717,Sports,29.09,2.76,31.85
10009,P6431,Beauty,74.45,2.74,77.19
10009,P1110,Books,47.89,4.59,52.48
10011,P6896,Apparel,55.1,7.66,62.76
10011,P5654,Electronics,82.06,1.67,83.73
10011,P3855,Apparel,22.76,2.2,24.96
10011,P4211,Home,72.04,2.06,74.1
10013,P4444,Books,67.33,0.93,68.26
10013,P7100,Home,41.36,3.11,44.47
10013,P8106,Books,19.03,4.42,23.45
10013,P3142,Books,10.72,1.21,11.93
10014,P8037,Sports,65.47,5.84,71.31
10014,P4098,Books,46.01,0.72,46.73
10016,P5588,Apparel,31.57,0.45,32.02
10016,P9011,Apparel,73.01,8.21,81.22
10016,P2062,Apparel,63.19,6.65,69.84
10018,P7125,Sports,68.77,4.42,73.19
10018,P9106,Sports,98.32,9.85,108.17
10018,P1599,Beauty,43.61,5.51,49.12
10018,P4840,Apparel,37.35,2.8,40.15
10019,P2376,Home,80.38,1.86,82.24
10019,P1674,Home,66.67,4.87,71.54
10019,P8391,Beauty,75.43,4.66,80.09
10020,P2243,Electronics,27.78,2.78,30.56
10020,P9220,Home,107.7,3.49,111.19
10020,P5528,Sports,68.42,0.93,69.35
10020,P1627,Apparel,18.8,0.85,19.65
10021,P9898,Apparel,60.92,8.39,69.31
10021,P6679,Home,6.27,2.51,8.78
10021,P1194,Beauty,79.75,6.9,86.65
10022,P9451,Books,75.23,4.66,79.89
10022,P8559,Sports,78.61,7.44,86.05
10023,P1493,Apparel,74.27,13.31,87.58
10023,P6006,Home,30.63,13.64,44.27
10023,P6810,Books,11.8,12.64,24.44
10023,P7608,Home,43.23,6.64,49.87
10024,P1527,Home,51.62,4.77,56.39
10024,P6410,Apparel,17.65,8,25.65
10024,P7404,Sports,54.98,5.07,60.05
10025,P8778,Beauty,18.21,5.58,23.79
10025,P5991,Electronics,53.91,13.88,67.79
10026,P7322,Electronics,37.58,1.08,38.66
10026,P9591,Home,40.38,4.54,44.92
10026,P1180,Electronics,76.6,5.75,82.35
10026,P7407,Apparel,57.98,14.2,72.18
10027,P8081,Apparel,28.7,3.14,31.84
10027,P6084,Books,104.94,2.43,107.37
10027,P8519,Sports,39.11,10.94,50.05
10027,P8302,Home,38.93,15.13,54.06
10028,P2492,Beauty,41.87,0.33,42.2
10028,P6681,Home,56.27,7.72,63.99
10028,P7407,Books,71.67,6.66,78.33
10028,P7800,Sports,70.15,7.14,77.29
10029,P3587,Beauty,112.12,0.68,112.8
10030,P2986,Beauty,70.28,11.88,82.16
10030,P6341,Home,21.54,1.64,23.18
10033,P7244,Books,111.51,11.7,123.21
10034,P8606,Books,143.94,5.11,149.05
10035,P3794,Beauty,129.86,13.13,142.99
10035,P3034,Electronics,98.77,2.77,101.54
10036,P1564,Apparel,40.14,1.5,41.64
10036,P1782,Books,47.33,3.71,51.04
10036,P2684,Books,69.22,5.38,74.6
10037,P4908,Apparel,78.42,3.15,81.57
10037,P1238,Apparel,12.77,3.54,16.31
10037,P2035,Home,69.93,5.71,75.64
10037,P3750,Apparel,80.77,0.81,81.58
10039,P6286,Beauty,85.02,12.73,97.75
10040,P8010,Sports,40.56,8.45,49.01
10040,P6298,Electronics,44.24,1.65,45.89
10041,P7045,Apparel,20.01,12.71,32.72
10041,P5940,Electronics,20.2,3.41,23.61
10041,P9784,Sports,83.14,15.46,98.6
10041,P6314,Sports,35.36,14.96,50.32
10043,P3177,Books,78.08,6.48,84.56
10043,P6209,Home,19.35,6.4,25.75
10043,P8354,Books,43.4,2.81,46.21
10043,P9248,Beauty,45.66,6.23,51.89
10044,P3032,Apparel,13.49,11.84,25.33
10045,P7156,Home,83.02,3.15,86.17
10045,P8270,Apparel,103.88,3.72,107.6
10046,P1648,Apparel,27.4,5.4,32.8
10046,P5726,Sports,67.68,3.49,71.17
10046,P6615,Electronics,23.55,6.15,29.7
10047,P4007,Sports,113.09,6.7,119.79
10047,P9055,Beauty,84,0.83,84.83
10048,P4348,Electronics,35.69,8.57,44.26
10048,P8652,Apparel,84.28,6.64,90.92
10049,P4299,Home,50.79,8.13,58.92
10049,P6891,Home,73.21,4.04,77.25
10049,P7925,Beauty,35.21,3.96,39.17
10050,P2363,Electronics,95.84,5.27,101.11
10050,P3878,Home,76.66,1.88,78.54
10050,P5640,Home,51.97,3.77,55.74
10050,P6459,Beauty,72.86,5.92,78.78
10051,P7465,Beauty,67.94,6.36,74.3
10051,P2167,Books,63.46,7.48,70.94
10051,P3039,Beauty,136.53,15.18,151.71
10052,P7032,Sports,113.65,9.91,123.56
10052,P7947,Books,18.8,6.01,24.81
10052,P6921,Books,46.33,7.45,53.78
10053,P8462,Books,107.33,2.3,109.63
10054,P3644,Home,46.42,9.02,55.44
10054,P7297,Electronics,27.39,1.44,28.83
10055,P9735,Home,68.15,4.79,72.94
10055,P7743,Books,85.54,5.6,91.14
10055,P6642,Books,84,1.04,85.04
10055,P7520,Apparel,30.4,2,32.4
10056,P2144,Apparel,129.27,0.03,129.3
10057,P8060,Sports,61.34,3.88,65.22
10057,P3200,Apparel,31.13,2.51,33.64
10057,P2806,Apparel,70.07,6.76,76.83
10057,P4292,Beauty,80.2,2.86,83.06
10058,P3721,Beauty,90.08,8.63,98.71
10058,P5534,Electronics,47.03,5.22,52.25
10058,P8829,Electronics,53.35,8.1,61.45
10058,P2000,Beauty,96,1.39,97.39
10059,P9520,Apparel,86.45,0.12,86.57
10060,P8036,Beauty,63.21,4.19,67.4
10060,P6164,Home,51.32,11.07,62.39
10060,P7200,Apparel,117.5,8.27,125.77
10062,P7583,Home,68.81,0.03,68.84
10062,P1420,Books,71.1,7.77,78.87
10062,P5072,Sports,15.23,4.46,19.69
10065,P6278,Electronics,82.91,8.04,90.95
10065,P6333,Electronics,55.29,7.34,62.63
10066,P2333,Sports,61.07,8.7,69.77
10066,P8800,Home,54.85,10.96,65.81
10067,P3345,Books,66.43,9.48,75.91
10068,P9990,Apparel,82.9,1.37,84.27
10069,P8899,Apparel,75.88,8.02,83.9
10069,P3792,Books,47.98,2.04,50.02
10069,P1478,Books,60.47,0.89,61.36
10069,P7283,Apparel,78.43,2.74,81.17
10070,P3016,Books,36.55,5.67,42.22
10070,P9060,Books,23.01,6.36,29.37
10072,P7252,Books,60.37,14.2,74.57
10073,P2436,Apparel,23.13,0.97,24.1
10073,P4082,Electronics,12.59,6.22,18.81
10073,P3087,Books,79.45,4.81,84.26
10073,P1027,Home,80.4,4.84,85.24
10075,P2746,Sports,70.36,6.06,76.42
10075,P6176,Beauty,7.72,8.74,16.46
10078,P1562,Apparel,64.17,7.13,71.3
10078,P3022,Sports,30.7,4.22,34.92
10078,P8836,Home,83.75,5.94,89.69
10079,P1963,Beauty,52.84,15.08,67.92
10079,P4687,Home,32.63,11.18,43.81
10080,P5900,Apparel,97.23,8.17,105.4
10081,P8756,Electronics,50.69,2.96,53.65
10081,P9648,Home,67.85,3.43,71.28
10082,P9978,Books,77.97,5.89,83.86
10082,P1886,Beauty,13.23,2.72,15.95
10082,P3253,Books,29.44,5.5,34.94
10083,P2670,Books,59.74,3.21,62.95
10083,P7169,Books,70.84,7.6,78.44
10085,P2573,Books,71.59,7.78,79.37
10085,P1859,Home,81.98,1.51,83.49
10085,P8107,Electronics,82.45,5.46,87.91
10085,P1556,Apparel,54.75,3.39,58.14
10086,P2468,Books,83.31,5.63,88.94
10086,P5509,Beauty,73.41,5.46,78.87
10086,P2966,Books,56.81,3.09,59.9
10086,P9351,Electronics,12.08,4.11,16.19
10087,P8105,Beauty,43.56,5.42,48.98
10087,P2040,Home,50.4,0.83,51.23
10088,P9788,Beauty,128.75,0.31,129.06
10088,P9830,Sports,81.54,8.1,89.64
10092,P3960,Apparel,86.62,8.03,94.65
10093,P3015,Electronics,91.17,12.49,103.66
10093,P3641,Electronics,29.16,3.21,32.37
10094,P1001,Home,137.12,2.43,139.55
10094,P9510,Apparel,49.17,13.39,62.56
10094,P9035,Home,96.55,6.3,102.85
10096,P2622,Sports,47.8,1.76,49.56
10096,P4081,Books,69.87,1.99,71.86
10096,P3198,Apparel,29.1,6.99,36.09
10097,P7914,Sports,62.69,2,64.69
10097,P3675,Electronics,90.45,4.07,94.52
10098,P5413,Sports,40.07,9.81,49.88
10098,P7097,Books,111.85,3,114.85
10099,P8104,Beauty,130.03,4.94,134.97
10099,P2270,Beauty,14.17,9.41,23.58
10100,P3397,Home,76.89,6.54,83.43
10101,P4640,Home,6.37,3.17,9.54
10101,P3023,Beauty,80.22,6.57,86.79
10102,P1785,Sports,26.85,0.83,27.68
10102,P3960,Apparel,30.53,6.31,36.84
10102,P9711,Home,68.8,5.69,74.49
10103,P9414,Beauty,53.47,2.24,55.71
10103,P7206,Books,18.28,1.09,19.37
10103,P7064,Sports,65,0.45,65.45
10103,P7852,Books,68.39,5.86,74.25
10104,P9228,Beauty,82.92,6.71,89.63
10104,P4748,Home,27.22,3.59,30.81
10105,P2534,Books,21.97,11.39,33.36
10106,P3235,Beauty,106.69,14.24,120.93
10107,P6653,Books,72.28,8.33,80.61
10109,P9416,Apparel,16.51,10.13,26.64
10109,P7211,Home,115.35,5.1,120.45
10111,P4490,Home,53.96,4.58,58.54
10112,P1942,Beauty,140.35,13.23,153.58
10113,P9061,Beauty,62.02,1.59,63.61
10113,P3518,Apparel,22.74,8.02,30.76
10114,P3984,Home,40.31,4.99,45.3
10114,P8185,Sports,96.01,1.26,97.27
10114,P6795,Books,99.04,1.88,100.92
10114,P4251,Books,54.95,4.18,59.13
10115,P8852,Electronics,18.17,1.67,19.84
10115,P9012,Books,82.66,1,83.66
10115,P3087,Sports,44.45,5.73,50.18
10117,P3066,Electronics,130.65,10.78,141.43
10117,P4874,Apparel,52.75,0.18,52.93
10119,P8027,Home,50.17,1.25,51.42
10119,P4061,Apparel,97.74,11.08,108.82
10119,P5317,Apparel,50.01,1.75,51.76
10119,P4250,Books,45.21,12.48,57.69
10120,P2973,Sports,66.77,1.52,68.29
10120,P4148,Apparel,45.06,2.8,47.86
10121,P1834,Electronics,53.93,0.76,54.69
10121,P4791,Beauty,37.53,2.58,40.11
10121,P9353,Apparel,31.95,4.02,35.97
10121,P5411,Beauty,56.08,2.55,58.63
10122,P6269,Electronics,10.48,10.31,20.79
10122,P2650,Apparel,51.95,4.37,56.32
10124,P3134,Books,12.39,8.61,21
10126,P7292,Apparel,56.58,1.76,58.34
10126,P2971,Electronics,75.16,1.1,76.26
10126,P4120,Electronics,51.58,7.66,59.24
10128,P4309,Home,103.08,13.72,116.8
10128,P4140,Sports,102.49,0.61,103.1
10128,P6690,Beauty,80.46,3.5,83.96
10129,P2109,Books,61.84,7.65,69.49
10129,P9255,Beauty,38.45,7.83,46.28
10129,P3112,Electronics,18.69,2.3,20.99
10129,P4116,Home,9.16,4.75,13.91
10130,P2228,Beauty,59.28,7.31,66.59
10130,P7393,Apparel,39.92,4.28,44.2
10130,P1058,Beauty,53.21,1.74,54.95
10130,P1145,Apparel,50.43,4.98,55.41
10131,P5971,Sports,96.48,6.97,103.45
10131,P2951,Apparel,45.54,3.56,49.1
10131,P5781,Apparel,36.57,7.08,43.65
10131,P5550,Electronics,88.05,12.49,100.54
10132,P4440,Electronics,103.94,3.89,107.83
10132,P7047,Sports,27.31,10.11,37.42
10132,P9999,Home,22.52,11.01,33.53
10133,P3895,Home,42.33,15.05,57.38
10134,P4377,Books,47.87,9.76,57.63
10134,P7479,Beauty,42.52,4.2,46.72
10134,P8109,Apparel,75.35,11.39,86.74
10134,P9125,Home,31.99,7.48,39.47
10135,P3911,Books,42.99,4.04,47.03
10135,P3351,Beauty,92.28,2.44,94.72
10136,P2633,Books,64.43,0.1,64.53
10136,P1222,Beauty,35.71,0.92,36.63
10137,P3336,Apparel,46.55,1.3,47.85
10138,P6544,Electronics,82.29,0.91,83.2
10139,P8279,Apparel,30.67,11.86,42.53
10142,P9905,Home,80.13,3.81,83.94
10142,P1347,Books,49.35,8.48,57.83
10142,P9381,Electronics,25.38,4.63,30.01
10143,P4713,Apparel,5.7,1.88,7.58
10143,P5699,Beauty,35.81,2.97,38.78
10143,P2841,Apparel,77.86,5.75,83.61
10143,P2666,Beauty,18.89,0.92,19.81
10145,P6906,Home,21.5,5.2,26.7
10145,P3917,Electronics,140.8,9.43,150.23
10145,P7967,Beauty,87.63,9.36,96.99
10146,P5348,Home,111.82,8.03,119.85
10147,P3401,Electronics,135.86,15.26,151.12
10148,P3089,Books,27.43,0.76,28.19
10148,P9097,Apparel,65.77,2.96,68.73
10148,P6463,Beauty,43.33,8.17,51.5
10148,P5028,Apparel,68.49,5.49,73.98
10149,P9633,Beauty,17.59,8.69,26.28
10149,P4593,Sports,96.2,9.87,106.07
10151,P1281,Home,5.82,8.35,14.17
10151,P2804,Home,49.38,8.04,57.42
10153,P3257,Apparel,25.32,2.16,27.48
10153,P7184,Electronics,92.74,6.77,99.51
10153,P7089,Books,8.77,9.28,18.05
10153,P2208,Electronics,69.35,6.37,75.72
10154,P3452,Electronics,50.22,6.83,57.05
10155,P5907,Books,25.42,6.79,32.21
10155,P1216,Beauty,58.04,4.35,62.39
10155,P1526,Home,21.96,0.77,22.73
10155,P1178,Sports,98.87,6.48,105.35
10157,P7941,Sports,77.38,10.26,87.64
10157,P7185,Apparel,46.33,1.33,47.66
10157,P1917,Apparel,109.95,5.78,115.73
10158,P7637,Books,78.6,4.89,83.49
10159,P4190,Electronics,127.36,10.09,137.45
10159,P6496,Home,26.18,1.21,27.39
10160,P1530,Home,37.74,3.15,40.89
10162,P6056,Electronics,12.33,1.03,13.36
10162,P7523,Electronics,108.55,8.31,116.86
10162,P6830,Sports,27.48,8.31,35.79
10162,P7672,Apparel,79.88,1.08,80.96
10163,P7260,Sports,127.97,2.34,130.31
10164,P3307,Books,44.12,3.37,47.49
10165,P9573,Sports,46.08,6.12,52.2
10165,P5765,Home,40.68,1.1,41.78
10166,P3496,Apparel,155.57,9.46,165.03
10166,P1244,Sports,101.8,7.76,109.56
10167,P5589,Apparel,78.83,1.36,80.19
10167,P3935,Sports,34.08,0.75,34.83
10167,P8753,Books,66.12,2.17,68.29
10168,P8999,Books,81.59,8.25,89.84
10168,P7701,Electronics,35.64,2.52,38.16
10168,P7008,Sports,81.02,1.13,82.15
10168,P7122,Sports,75.09,8.36,83.45
10169,P5011,Sports,141.13,0.82,141.95
10170,P3592,Apparel,72.48,2.44,74.92
10171,P2531,Apparel,66.92,7.21,74.13
10173,P6385,Beauty,122.25,3.11,125.36
10174,P3551,Electronics,27.43,0.32,27.75
10174,P1513,Beauty,17.01,1.79,18.8
10174,P6922,Sports,66.3,0.52,66.82
10174,P4465,Beauty,82.32,1.79,84.11
10175,P3322,Home,25.36,1.48,26.84
10175,P8396,Electronics,27.08,0.69,27.77
10175,P5250,Beauty,46.75,5.63,52.38
10175,P8021,Apparel,70.71,0.78,71.49
10176,P8156,Beauty,47.59,6.59,54.18
10176,P1162,Home,77.15,4.79,81.94
10176,P2274,Sports,66.99,5.02,72.01
10176,P6304,Books,57.97,5.18,63.15
10178,P3416,Electronics,22.73,5.03,27.76
10178,P7658,Beauty,95.82,1.24,97.06
10178,P8381,Home,60.64,0.04,60.68
10179,P2596,Books,75.82,15.12,90.94
10179,P7884,Electronics,42.24,15.28,57.52
10180,P4131,Sports,51.51,4.28,55.79
10180,P6960,Books,74.37,0.17,74.54
10182,P6762,Books,83.92,3.48,87.4
10182,P6502,Home,70.53,3.58,74.11
10182,P7113,Electronics,78.22,3.86,82.08
10182,P8141,Apparel,48.94,1.36,50.3
10183,P1269,Electronics,127.75,1.62,129.37
10184,P9924,Electronics,59.91,8.5,68.41
10184,P1534,Electronics,74.37,5.69,80.06
10184,P4651,Books,38.12,4.76,42.88
10184,P8693,Beauty,65.73,1.29,67.02
10185,P7484,Beauty,61.93,11.24,73.17
10185,P9315,Electronics,129.28,10.72,140
10185,P6036,Home,43.35,9.02,52.37
10187,P7792,Books,24.53,7.56,32.09
10187,P7134,Electronics,6.82,1.29,8.11
10187,P6490,Sports,69.89,5.04,74.93
10187,P4962,Apparel,80.8,8.34,89.14
10188,P1845,Apparel,53.91,3.3,57.21
10188,P7396,Sports,39.24,7.89,47.13
10188,P9475,Books,19.22,7.59,26.81
10188,P3069,Apparel,39.89,0.83,40.72
10189,P8166,Home,21.57,0.78,22.35
10189,P1455,Electronics,54.91,4.98,59.89
10190,P3138,Sports,41.37,7.25,48.62
10191,P5864,Apparel,26.04,8.05,34.09
10191,P7194,Apparel,50.79,2.2,52.99
10191,P3355,Home,61.16,2.47,63.63
10192,P2754,Electronics,77.25,9.29,86.54
10194,P1359,Apparel,67.3,7.66,74.96
10194,P2250,Beauty,21.11,14.96,36.07
10194,P6137,Apparel,110.47,5.85,116.32
10195,P3927,Apparel,20.33,0.09,20.42
10195,P1515,Books,51.67,5.26,56.93
10195,P8928,Electronics,84.73,8.61,93.34
10195,P9548,Sports,54.32,0.04,54.36
10196,P9486,Apparel,98.64,8.36,107
10198,P3073,Home,30.58,1.3,31.88
10199,P9399,Beauty,64.02,4.17,68.19
10199,P4242,Beauty,77.91,2.1,80.01
10199,P7436,Books,71.93,6.03,77.96
10200,P6222,Beauty,38.82,6.27,45.09
10200,P4272,Sports,14.04,3.22,17.26
10200,P2052,Sports,33.27,7.54,40.81
10200,P9378,Beauty,18.71,0.29,19
10202,P6286,Beauty,13.33,2.54,15.87
10202,P2190,Beauty,113.46,5.04,118.5
10202,P6151,Apparel,95.83,5.24,101.07
10203,P2085,Sports,67.95,7.55,75.5
10203,P4562,Beauty,27.83,1.78,29.61
10203,P2225,Electronics,49.58,6.02,55.6
10203,P8130,Sports,75.59,3.54,79.13
10205,P3033,Electronics,83.24,3.53,86.77
10205,P7272,Beauty,19.02,2.74,21.76
10205,P1076,Apparel,50.79,2.39,53.18
10205,P7599,Beauty,27.89,7.07,34.96
10206,P6665,Beauty,115.7,4.29,119.99
10207,P2989,Beauty,72.13,8.13,80.26
10207,P4670,Home,79.11,0.86,79.97
10207,P6289,Electronics,70.31,1.16,71.47
10207,P2442,Books,62.38,1.9,64.28
10211,P1786,Home,139.01,0.68,139.69
10212,P7218,Home,58.34,9.55,67.89
10213,P7771,Apparel,104.26,12.02,116.28
10213,P9644,Books,65.53,1.66,67.19
10213,P5596,Apparel,82.11,8.96,91.07
10214,P4971,Books,15.57,6.04,21.61
10214,P2278,Books,72.55,9.26,81.81
10214,P1215,Electronics,105.32,0.65,105.97
10215,P4418,Beauty,20.34,0.88,21.22
10215,P6134,Sports,65.31,4.32,69.63
10215,P9265,Home,61.14,5.5,66.64
10215,P6957,Electronics,77.27,1.84,79.11
10217,P6032,Electronics,50.86,2.56,53.42
10217,P2755,Sports,104.81,2.3,107.11
10219,P1468,Electronics,101.59,2.1,103.69
10219,P5351,Beauty,77.16,5.1,82.26
10220,P7058,Sports,52.37,6.12,58.49
10220,P7923,Electronics,15.58,5.3,20.88
10220,P5520,Apparel,47.23,5.57,52.8
10220,P2788,Sports,87.73,7.18,94.91
10221,P1584,Electronics,38.65,0.76,39.41
10221,P2655,Sports,44.84,0.94,45.78
10223,P6695,Beauty,29,8.81,37.81
10223,P1050,Books,37.62,6.69,44.31
10223,P8811,Electronics,26.84,10.18,37.02
10224,P4069,Apparel,30.3,0.58,30.88
10224,P1208,Home,76.15,1.19,77.34
10225,P2261,Home,13.33,15.09,28.42
10225,P6769,Apparel,108.52,13.22,121.74
10225,P5055,Beauty,94.63,7.56,102.19
10225,P5762,Beauty,26.14,12.69,38.83
10226,P6499,Apparel,99.94,1.26,101.2
10226,P9940,Beauty,66.34,4.44,70.78
10227,P8935,Books,31.77,4.35,36.12
10227,P1339,Electronics,26.76,4.36,31.12
10227,P3320,Apparel,82.33,7.2,89.53
10228,P7189,Apparel,63.96,1.63,65.59
10228,P9927,Books,14.06,2.3,16.36
10228,P3866,Beauty,83.01,7.36,90.37
10229,P9520,Home,46.87,0.54,47.41
10229,P8101,Books,51.05,8.08,59.13
10229,P6685,Beauty,78.55,10.45,89
10229,P3410,Home,22.36,0.11,22.47
10230,P5828,Home,81.28,1.01,82.29
10230,P3022,Electronics,76.48,3.39,79.87
10231,P9224,Home,27.65,12.44,40.09
10232,P4223,Electronics,74.42,1.45,75.87
10232,P4585,Beauty,62.28,0.82,63.1
10234,P6091,Electronics,75.61,7.73,83.34
10234,P6283,Apparel,49.81,5.71,55.52
10234,P5096,Sports,16.51,6.45,22.96
10234,P5997,Apparel,38.24,1.67,39.91
10235,P6132,Electronics,16.46,3.71,20.17
10235,P8673,Sports,78.9,5.99,84.89
10235,P7721,Home,39.13,3.53,42.66
10235,P7896,Beauty,7.77,4.7,12.47
10236,P5806,Apparel,54.28,7.56,61.84
10236,P7601,Electronics,64.82,3.3,68.12
10236,P9487,Books,6.07,6.78,12.85
10237,P8888,Home,96.94,12.82,109.76
10238,P1868,Electronics,118.21,10.52,128.73
10239,P4662,Sports,114.07,7.45,121.52
10239,P6093,Books,99.91,2.33,102.24
10242,P2100,Beauty,101.2,3.13,104.33
10243,P2995,Sports,75.02,0.87,75.89
10244,P3018,Sports,95.01,11.62,106.63
10244,P3321,Beauty,27.47,0.29,27.76
10244,P9956,Books,92,2.31,94.31
10245,P2758,Home,76.23,4.32,80.55
10245,P1458,Beauty,50.36,4.7,55.06
10245,P1180,Home,54.51,6.23,60.74
10245,P8282,Sports,38.59,7.13,45.72
10246,P9244,Electronics,153.35,5.58,158.93
10246,P7399,Apparel,61.19,11.01,72.2
10246,P6764,Sports,19.54,10.23,29.77
10247,P5560,Beauty,61.67,6.61,68.28
10247,P8925,Books,29.35,3.31,32.66
10247,P3955,Beauty,81.07,5.09,86.16
10250,P6703,Apparel,71.53,5.87,77.4
10250,P1736,Sports,64.06,4.03,68.09
10250,P2581,Electronics,85.88,1.59,87.47
10251,P4876,Books,58.6,8.71,67.31
10251,P7292,Electronics,103.89,2,105.89
10251,P5103,Beauty,106.3,0.71,107.01
10251,P8234,Electronics,11.64,8.6,20.24
10252,P7187,Apparel,57.16,10.89,68.05
10253,P9659,Apparel,118.46,6.77,125.23
10253,P2576,Apparel,22.92,0.38,23.3
10254,P9653,Home,37.38,11.39,48.77
10255,P2161,Electronics,41.23,5.42,46.65
10255,P5886,Sports,12.08,6.77,18.85
10256,P6863,Home,144.68,3.93,148.61
10256,P5719,Electronics,137.42,2.46,139.88
10258,P2816,Beauty,100.48,8.52,109
10258,P5309,Sports,78.98,14.31,93.29
10258,P5274,Books,14.77,5.28,20.05
10259,P1579,Apparel,82.26,12.57,94.83
10260,P1683,Sports,80.11,2.02,82.13
10261,P4214,Apparel,7.28,0.46,7.74
10261,P1296,Sports,53.28,3.18,56.46
10261,P7180,Sports,43.4,3.25,46.65
10262,P8175,Books,67.94,2.01,69.95
10262,P7024,Electronics,132.05,14.35,146.4
10262,P1949,Home,36.14,6.38,42.52
10262,P4721,Apparel,41.37,8.59,49.96
10263,P3958,Electronics,21.55,1.98,23.53
10263,P5001,Home,16.77,5.46,22.23
10264,P2258,Sports,68.33,10.26,78.59
10264,P9108,Electronics,46.83,8.48,55.31
10265,P7011,Apparel,40.38,2.54,42.92
10265,P9631,Sports,28.55,5.49,34.04
10265,P2710,Home,30.6,4.55,35.15
10266,P5996,Apparel,71.57,4.38,75.95
10266,P3325,Books,48.95,1.03,49.98
10268,P7294,Beauty,71.17,2.27,73.44
10269,P7214,Beauty,54.64,2.55,57.19
10269,P5999,Apparel,77.53,6.05,83.58
10269,P1425,Electronics,64.98,3.95,68.93
10269,P5301,Sports,87.56,3.81,91.37
10270,P8111,Electronics,32.33,6.96,39.29
10270,P1935,Beauty,66.95,7.8,74.75
10271,P9761,Books,78.71,2.42,81.13
10271,P9501,Beauty,38.83,6.04,44.87
10271,P4903,Home,18.35,3.21,21.56
10271,P5495,Apparel,76.76,2.36,79.12
10272,P5104,Electronics,53.86,3.04,56.9
10272,P3036,Books,69.12,5.11,74.23
10272,P5333,Home,50.17,2.69,52.86
10272,P1145,Apparel,40.4,0.15,40.55
10274,P2049,Home,75.93,4.63,80.56
10275,P1812,Apparel,102.18,2.29,104.47
10275,P9302,Apparel,27.07,0.6,27.67
10276,P5244,Electronics,83.87,3.28,87.15
10276,P6789,Home,11.76,12.15,23.91
10276,P6729,Sports,106,8.64,114.64
10277,P7815,Sports,34.71,6.91,41.62
10277,P3344,Electronics,55.92,7.36,63.28
10277,P6488,Electronics,31.2,6.62,37.82
10278,P1510,Beauty,79.49,2.47,81.96
10278,P3458,Apparel,34.47,2.44,36.91
10278,P6129,Sports,7.6,5.12,12.72
10279,P7243,Sports,15.15,11.34,26.49
10279,P4679,Books,21.83,1.21,23.04
10279,P9982,Sports,83.71,8.96,92.67
10279,P9646,Books,71.27,11.44,82.71
10280,P5410,Books,46.72,3.7,50.42
10280,P4998,Apparel,71.14,2.46,73.6
10280,P6930,Home,24.65,6.45,31.1
10280,P2890,Apparel,41.33,6.29,47.62
10281,P2305,Books,80.67,3.44,84.11
10281,P6935,Home,49.54,0.64,50.18
10281,P7862,Books,43.56,1.93,45.49
10281,P3052,Apparel,50.24,6.94,57.18
10282,P5264,Beauty,58.45,5.59,64.04
10282,P7692,Home,32.38,0.99,33.37
10284,P5315,Beauty,12.66,1.89,14.55
10284,P2654,Sports,113.97,7.33,121.3
10286,P7919,Sports,136.62,14.33,150.95
10286,P4955,Home,28.95,10.87,39.82
10288,P2765,Home,141.06,14.01,155.07
10290,P8354,Electronics,67.59,3.17,70.76
10292,P8816,Books,71.05,2.43,73.48
10292,P9345,Books,16.16,1.54,17.7
10292,P7060,Electronics,17.54,0.06,17.6
10292,P8185,Books,56.51,3.18,59.69
10294,P9326,Electronics,92.53,14,106.53
10294,P3923,Beauty,51.94,5.99,57.93
10294,P4451,Apparel,16.51,14.74,31.25
10297,P8191,Apparel,26.21,4.05,30.26
10297,P5250,Apparel,131.97,4.26,136.23
10297,P5565,Sports,113.78,13.66,127.44
10298,P9001,Sports,88.73,3.04,91.77
10300,P7987,Home,39.98,14.69,54.67
10301,P2965,Beauty,53.34,1.72,55.06
10301,P2423,Beauty,139.81,7.7,147.51
10302,P2295,Books,58.03,8.13,66.16
10302,P6359,Books,67.79,6.11,73.9
10302,P9402,Apparel,45.35,2.32,47.67
10303,P1628,Books,110.56,13.92,124.48
10306,P7163,Books,78.12,2.94,81.06
10307,P8938,Books,38.9,7.33,46.23
10307,P4253,Apparel,117.21,4.41,121.62
10309,P1052,Sports,135.2,11.69,146.89
10311,P4845,Beauty,83.09,7.19,90.28
10312,P5916,Sports,57.11,1.51,58.62
10312,P9031,Apparel,74.2,5.61,79.81
10312,P8880,Books,36.35,3,39.35
10312,P5706,Home,13.17,0.94,14.11
10313,P6694,Beauty,149.64,10.31,159.95
10313,P8925,Books,68.37,2,70.37
10315,P5766,Sports,53.13,2.77,55.9
10315,P7701,Home,63.63,10.48,74.11
10315,P6203,Electronics,69.64,3.81,73.45
10315,P7531,Beauty,50.86,5.2,56.06
10316,P3728,Home,75.58,3.46,79.04
10317,P6460,Books,13.48,5.92,19.4
10318,P9773,Books,17.56,3.29,20.85
10319,P6431,Home,88.25,9.87,98.12
10319,P1223,Beauty,29.03,7.95,36.98
10320,P4768,Electronics,17.91,2.53,20.44
10320,P5463,Books,66.16,2.08,68.24
10320,P7565,Books,15.29,6.59,21.88
10320,P2391,Apparel,69.75,7.36,77.11
10321,P4183,Electronics,77.49,8.15,85.64
10321,P7965,Sports,89.33,8.07,97.4
10323,P8037,Books,80.17,5,85.17
10323,P5563,Electronics,36.36,5.39,41.75
10323,P9300,Beauty,44.06,9.32,53.38
10324,P7510,Beauty,43.02,15.21,58.23
10327,P6089,Home,69.46,1.48,70.94
10327,P2370,Home,27.26,8.55,35.81
10327,P9025,Electronics,80.12,2.82,82.94
10327,P8758,Sports,40.73,1.92,42.65
10329,P6266,Books,32.09,1.27,33.36
10329,P1091,Books,49.92,3.42,53.34
10329,P9007,Home,59.72,6.34,66.06
10330,P2334,Sports,49.1,6.22,55.32
10330,P3085,Electronics,38.98,0.65,39.63
10330,P3722,Electronics,18.3,6.29,24.59
10330,P1639,Apparel,39.91,8.16,48.07
10331,P3291,Apparel,76.09,6.14,82.23
10331,P1151,Books,103.15,4.89,108.04
10331,P5441,Home,20.62,11.64,32.26
10331,P3718,Sports,42.96,10.39,53.35
10332,P3217,Beauty,68.95,12.94,81.89
10332,P1160,Apparel,76.88,11.46,88.34
10332,P2098,Home,62.94,2.07,65.01
10333,P2537,Home,112.53,3.11,115.64
10334,P6651,Home,103.05,13.78,116.83
10335,P7982,Home,27.88,7.66,35.54
10335,P7607,Sports,62.78,3.09,65.87
10337,P4546,Electronics,96.69,1.61,98.3
10337,P3075,Home,36.36,8.79,45.15
10338,P5542,Home,50.73,7.17,57.9
10338,P8756,Books,73.91,5.61,79.52
10338,P4546,Apparel,18.78,6.58,25.36
10338,P3348,Electronics,78.48,5.17,83.65
10340,P9198,Beauty,72.02,3.43,75.45
10340,P7316,Electronics,30.54,4.12,34.66
10340,P9552,Books,53.4,3.27,56.67
10340,P4504,Home,58.9,9.26,68.16
10341,P8235,Books,16.8,3.67,20.47
10341,P2970,Beauty,60.09,2.11,62.2
10341,P3916,Sports,76.14,5.48,81.62
10342,P4129,Sports,49.49,8.38,57.87
10342,P1174,Beauty,34.94,7.84,42.78
10343,P1212,Home,77.4,4.22,81.62
10344,P1719,Books,27.15,4.02,31.17
10346,P1498,Home,54.62,8.15,62.77
10346,P8446,Books,78.32,8.38,86.7
10346,P9938,Beauty,19.22,6.3,25.52
10347,P3509,Home,14.6,13.95,28.55
10348,P2956,Apparel,22.46,13.01,35.47
10348,P6148,Electronics,74.96,11.09,86.05
10350,P6185,Home,124.61,12.46,137.07
10351,P1232,Sports,115.54,5.72,121.26
10351,P2007,Books,69.11,13.07,82.18
10352,P3833,Sports,38.48,7.72,46.2
10352,P1052,Books,116.58,12.79,129.37
10352,P6594,Home,49.18,5.36,54.54
10353,P1329,Books,16.29,3.51,19.8
10353,P7136,Apparel,88.77,2.4,91.17
10354,P1873,Books,120.45,2.07,122.52
10354,P3300,Beauty,113.18,2.78,115.96
10355,P4264,Apparel,92.87,2.99,95.86
10355,P8202,Apparel,107.63,2.84,110.47
10355,P6957,Home,16.78,3.9,20.68
10355,P3793,Home,86.43,5.74,92.17
10359,P5729,Home,97.02,9.88,106.9
10359,P5406,Apparel,55.93,14.03,69.96
10359,P4575,Electronics,79.07,3.05,82.12
10359,P9471,Beauty,44.93,13.35,58.28
10360,P7099,Beauty,30.76,9.15,39.91
10360,P1554,Sports,65.43,9.18,74.61
10361,P6865,Home,97.5,1.45,98.95
10361,P1356,Home,31.74,7.94,39.68
10361,P8126,Beauty,119.37,6.63,126
10363,P6535,Apparel,37.78,4.66,42.44
10363,P4838,Beauty,87.45,3.75,91.2
10363,P5413,Sports,20.91,5.32,26.23
10363,P9391,Sports,55.05,0.35,55.4
10364,P1881,Apparel,57.61,6.62,64.23
10364,P6670,Electronics,29.85,6.43,36.28
10365,P4331,Home,14.4,2.4,16.8
10365,P7131,Beauty,15.33,2.49,17.82
10365,P8713,Electronics,52.07,3.51,55.58
10367,P7350,Books,24.63,7.7,32.33
10367,P7551,Apparel,30.56,7.85,38.41
10367,P7956,Home,76.01,6.89,82.9
10367,P9000,Sports,36.48,0.6,37.08
10368,P4852,Apparel,139.35,2.78,142.13
10369,P4079,Electronics,71.74,1.48,73.22
10369,P6563,Electronics,28.29,4.66,32.95
10369,P5668,Beauty,72.59,4.57,77.16
10369,P1570,Home,45.85,8.81,54.66
10370,P2661,Beauty,127.79,5.41,133.2
10371,P9306,Electronics,18.21,1.08,19.29
10371,P7581,Beauty,59.41,0.1,59.51
10371,P5237,Beauty,66.07,2.55,68.62
10371,P8377,Books,55.31,5.07,60.38
10372,P2310,Beauty,87.81,5.98,93.79
10372,P5224,Apparel,11.41,14.79,26.2
10375,P7050,Beauty,34.38,7.47,41.85
10375,P1385,Home,38.98,5.67,44.65
10375,P7833,Sports,26.55,2.46,29.01
10375,P1583,Electronics,40.63,2.5,43.13
10376,P5073,Books,12.92,9.46,22.38
10376,P3369,Apparel,18.59,1.21,19.8
10376,P6658,Books,67.56,11.44,79
10378,P1665,Books,129.86,8.88,138.74
10378,P2656,Electronics,57.95,0.6,58.55
10380,P2298,Electronics,20.02,6.27,26.29
10380,P5275,Beauty,81.27,6.66,87.93
10380,P4993,Home,53.87,4.53,58.4
10380,P8748,Books,68.24,3.14,71.38
10381,P3969,Sports,58.24,5.08,63.32
10381,P4393,Books,27.94,0.04,27.98
10381,P5501,Electronics,66.91,5.52,72.43
10382,P5715,Electronics,69.75,2.11,71.86
10382,P7893,Books,70.02,7.92,77.94
10384,P1205,Sports,44.86,9.71,54.57
10384,P8280,Home,40.15,3.62,43.77
10384,P4451,Apparel,51.97,7.75,59.72
10385,P2361,Books,81.24,15.37,96.61
10387,P6761,Apparel,101.37,2.6,103.97
10388,P9040,Electronics,64.51,2.39,66.9
10388,P7200,Apparel,35.02,4.51,39.53
10388,P7483,Sports,79.99,1.04,81.03
10388,P5740,Apparel,22.17,0.93,23.1
10389,P5569,Home,64.5,3.51,68.01
10389,P6206,Home,66.01,5.29,71.3
10389,P7618,Sports,47.59,3.3,50.89
10389,P8363,Beauty,64.93,2.41,67.34
10390,P7280,Books,19.1,7.62,26.72
10390,P7722,Sports,56.8,8.18,64.98
10390,P3270,Apparel,55.5,5.2,60.7
10390,P7697,Sports,54.2,8.39,62.59
10391,P8731,Sports,25.19,4.78,29.97
10391,P7378,Books,12.73,3.11,15.84
10391,P3644,Sports,45.69,1.62,47.31
10392,P1506,Home,28.69,0.98,29.67
10392,P8268,Apparel,91.24,6.92,98.16
10394,P6427,Beauty,83.23,1.73,84.96
10394,P2144,Apparel,46.05,11.26,57.31
10395,P5260,Beauty,18.88,5.95,24.83
10395,P9751,Books,81.04,10.21,91.25
10395,P1979,Books,12.67,6.86,19.53
10395,P1653,Home,117.57,11.81,129.38
10396,P3768,Sports,91.99,1.33,93.32
10396,P4982,Home,54,4.06,58.06
10396,P2213,Beauty,31.39,1.16,32.55
10397,P5225,Books,75.14,12.29,87.43
10397,P3294,Sports,50.48,0.56,51.04
10397,P7076,Apparel,86.37,0.4,86.77
10399,P5992,Home,79.67,1.33,81
10399,P3530,Beauty,61.5,5.66,67.16
10399,P5789,Books,68.73,1.08,69.81
10400,P5963,Books,28.24,8.6,36.84
10400,P9332,Apparel,61.84,2.62,64.46
10400,P8814,Books,88.82,5.22,94.04
10401,P9209,Home,104.14,9.17,113.31
10401,P8950,Home,86.59,5.9,92.49
10403,P2060,Apparel,78.34,5.74,84.08
10403,P3459,Home,41.78,3.12,44.9
10403,P2959,Home,95.92,11.02,106.94
10403,P1199,Books,37.85,7.54,45.39
10405,P7528,Books,39.88,10.36,50.24
10405,P2100,Books,24.79,5.14,29.93
10406,P5015,Apparel,47.68,11.53,59.21
10406,P1659,Apparel,110.81,7.11,117.92
10408,P2043,Sports,50.8,11.6,62.4
10408,P4728,Apparel,86.49,0.95,87.44
10408,P8606,Apparel,95.68,9.07,104.75
10410,P9886,Beauty,22.54,3.08,25.62
10411,P2827,Home,50.23,4.89,55.12
10411,P4191,Books,75.1,6.53,81.63
10411,P8475,Sports,68.77,5.16,73.93
10411,P5435,Electronics,25.34,3.42,28.76
10412,P5510,Home,73.59,2.09,75.68
10412,P8209,Books,49.6,2.6,52.2
10412,P8988,Electronics,82.22,7.94,90.16
10413,P8261,Books,30.5,8.04,38.54
10413,P3992,Home,57.53,4.68,62.21
10413,P4493,Apparel,68.95,6.63,75.58
10413,P9690,Home,46.49,2.78,49.27
10414,P3814,Apparel,38.34,6.17,44.51
10414,P9461,Apparel,99.23,2.46,101.69
10414,P5413,Beauty,105.55,12.3,117.85
10415,P6166,Apparel,51.27,10.57,61.84
10415,P7834,Beauty,51.51,8.19,59.7
10415,P7697,Electronics,113.16,5.88,119.04
10416,P7119,Apparel,57.51,2.15,59.66
10416,P6336,Electronics,30.83,6.64,37.47
10418,P5488,Apparel,100.32,6.86,107.18
10418,P8859,Electronics,21.24,2.51,23.75
10419,P8979,Electronics,66.85,3.28,70.13
10419,P7144,Apparel,27.57,5.1,32.67
10419,P5522,Electronics,13.55,5.38,18.93
10419,P2819,Sports,34.57,7.76,42.33
10420,P2441,Apparel,77.31,7.19,84.5
10420,P5271,Beauty,37.03,7.17,44.2
10421,P2114,Books,7.31,6.49,13.8
10421,P6918,Books,61.38,2.64,64.02
10421,P6263,Beauty,64.18,1.81,65.99
10423,P3298,Home,52.93,7.83,60.76
10423,P8968,Electronics,55.95,3.59,59.54
10423,P9392,Electronics,70.8,0.5,71.3
10424,P2099,Sports,82.04,8.97,91.01
10424,P2840,Books,21.4,1.44,22.84
10424,P2437,Sports,33.44,8.01,41.45
10425,P2197,Sports,64.83,1.84,66.67
10425,P8393,Books,45.14,2.66,47.8
10425,P3976,Books,20.09,3.18,23.27
10425,P8084,Books,58.1,4.37,62.47
10426,P7388,Sports,47.69,8.72,56.41
10426,P3465,Electronics,10.44,4.51,14.95
10426,P6351,Home,121.02,8.17,129.19
10426,P6810,Sports,69.09,9.3,78.39
10427,P3975,Apparel,122.95,3.21,126.16
10427,P1646,Electronics,14.22,9.39,23.61
10428,P4770,Electronics,31.28,2.65,33.93
10428,P7951,Books,21.97,2.55,24.52
10428,P6821,Home,23.86,7.73,31.59
10429,P1806,Books,72.57,1.75,74.32
10429,P7234,Beauty,39.98,1.67,41.65
10429,P3868,Sports,69.45,0.78,70.23
10429,P2993,Sports,77.2,6.08,83.28
10430,P9305,Beauty,38.21,15.37,53.58
10430,P8486,Home,79.99,7.93,87.92
10430,P7558,Electronics,11.45,12.53,23.98
10431,P2069,Home,62.87,4.84,67.71
10432,P6296,Beauty,12.71,15.04,27.75
10432,P1151,Electronics,30.89,3.89,34.78
10432,P8697,Apparel,85.92,2.18,88.1
10432,P5801,Electronics,19.3,12.52,31.82
10434,P6981,Books,69.05,5.61,74.66
10434,P4343,Electronics,67.26,0.25,67.51
10435,P3364,Home,14.55,7.35,21.9
10436,P9604,Sports,65.3,9.33,74.63
10437,P9793,Beauty,78.03,6.47,84.5
10438,P2579,Home,57.06,3.07,60.13
10438,P4215,Beauty,44.23,6.98,51.21
10439,P2724,Books,24.21,6.3,30.51
10440,P5370,Books,51.92,4.34,56.26
10440,P3379,Apparel,31.31,3.15,34.46
10440,P7308,Sports,63.34,7.15,70.49
10440,P3984,Books,9.37,1.66,11.03
10442,P4076,Sports,80.41,13.38,93.79
10443,P5305,Beauty,83.43,3.81,87.24
10443,P9429,Sports,40.08,6.26,46.34
10443,P5182,Home,32.04,7.5,39.54
10443,P9993,Home,68.87,4.09,72.96
10444,P9901,Home,59.9,0.32,60.22
10445,P8146,Apparel,113.76,3.96,117.72
10445,P9269,Sports,127.12,1.08,128.2
10445,P9370,Apparel,56.47,12.14,68.61
10446,P9692,Sports,52.71,1.27,53.98
10446,P9838,Sports,9.28,4.48,13.76
10446,P3732,Apparel,59.98,8.38,68.36
10447,P7947,Books,32.54,14.7,47.24
10447,P7567,Apparel,50.93,14.96,65.89
10448,P6105,Electronics,21.31,11.05,32.36
10448,P2094,Apparel,144.79,9.57,154.36
10448,P8879,Electronics,120.35,2.18,122.53
10450,P7406,Beauty,124.89,10.08,134.97
10450,P2155,Sports,38.56,13.01,51.57
10451,P6365,Apparel,74.96,10.49,85.45
10451,P9589,Electronics,103.12,8.12,111.24
10452,P6593,Apparel,11.12,8.22,19.34
10452,P5185,Home,80.04,0.34,80.38
10452,P3759,Electronics,54.75,3.58,58.33
10452,P5769,Books,59.81,6.67,66.48
10454,P8085,Apparel,122.35,9.27,131.62
10454,P5590,Beauty,16.66,1.46,18.12
10454,P9320,Books,104.54,12.61,117.15
10455,P8106,Apparel,85.37,3.09,88.46
10455,P8993,Books,43.79,13.88,57.67
10455,P9502,Sports,88.08,7.88,95.96
10455,P2615,Books,58.98,8.37,67.35
10456,P7911,Apparel,62.92,10.49,73.41
10457,P8548,Home,56.33,3.7,60.03
10458,P8074,Beauty,128.79,9.8,138.59
10459,P6389,Apparel,92.95,0.38,93.33
10460,P5074,Books,32.57,8.18,40.75
10460,P8507,Home,40.56,0.4,40.96
10460,P3631,Books,83.29,2.21,85.5
10461,P9818,Beauty,129.66,5,134.66
10461,P6186,Books,122.48,14.46,136.94
10462,P9146,Books,23.57,6.33,29.9
10463,P6744,Apparel,26.35,5.94,32.29
10463,P3608,Home,68.78,7.52,76.3
10463,P6087,Apparel,30.9,0.94,31.84
10463,P9818,Sports,60.5,4.71,65.21
10464,P6796,Home,28.28,4.74,33.02
10464,P5815,Beauty,26.62,5.37,31.99
10464,P4683,Sports,83.52,1.15,84.67
10464,P3539,Beauty,116.85,3.43,120.28
10465,P4587,Electronics,67.87,10.71,78.58
10465,P4538,Apparel,113.53,5.65,119.18
10465,P1340,Apparel,10.05,3.13,13.18
10466,P4149,Beauty,38.1,4.63,42.73
10466,P7547,Beauty,20.19,4.35,24.54
10466,P7342,Books,50.71,7.58,58.29
10466,P6963,Books,26.1,6.69,32.79
10467,P4845,Beauty,34.63,7.56,42.19
10467,P3203,Home,47.96,0.64,48.6
10467,P5045,Home,73.02,8.29,81.31
10468,P9314,Electronics,82.51,6.59,89.1
10468,P4732,Books,42.9,2.63,45.53
10469,P8540,Beauty,49.58,13.05,62.63
10469,P2059,Sports,74.15,9.22,83.37
10470,P1942,Electronics,91.94,8.72,100.66
10470,P2044,Home,79.79,11.02,90.81
10471,P1451,Books,50.6,3.93,54.53
10472,P7492,Beauty,60.81,7.92,68.73
10472,P5991,Apparel,57.48,2.6,60.08
10472,P9322,Home,23.83,6.71,30.54
10472,P6152,Beauty,16.9,4.54,21.44
10475,P2163,Books,72.52,5.53,78.05
10476,P3938,Books,33.88,3.04,36.92
10476,P2957,Apparel,14.69,14.5,29.19
10476,P7347,Home,23.37,14.76,38.13
10476,P6624,Beauty,65.91,7.4,73.31
10477,P4713,Electronics,32.81,5.52,38.33
10477,P6565,Home,135.5,8.7,144.2
10477,P1334,Beauty,105.53,7.2,112.73
10477,P7113,Sports,16.96,7.66,24.62
10479,P7141,Beauty,46.33,10.52,56.85
10479,P9162,Electronics,126.01,2.48,128.49
10479,P2588,Apparel,74.42,12.83,87.25
10480,P8220,Sports,64.88,2.76,67.64
10480,P9312,Books,133.58,12.04,145.62
10481,P3955,Home,146.54,1.68,148.22
10482,P6527,Electronics,44.62,5.07,49.69
10482,P7370,Beauty,78.4,4.61,83.01
10483,P6991,Books,49.07,2.84,51.91
10484,P2618,Books,90.45,10.44,100.89
10484,P9639,Sports,18.85,8.15,27
10484,P7458,Sports,75.06,6.61,81.67
10484,P3219,Sports,82.97,3.51,86.48
10485,P6267,Electronics,54.57,5.11,59.68
10485,P9152,Sports,53.96,4.05,58.01
10485,P9643,Home,81.8,7.28,89.08
10485,P9893,Electronics,25.2,0.93,26.13
10486,P1859,Beauty,20.36,8.1,28.46
10486,P9584,Books,74.09,6.2,80.29
10486,P1732,Apparel,45.49,5.72,51.21
10487,P6247,Beauty,80.08,7.5,87.58
10488,P2905,Electronics,77.89,1.73,79.62
10489,P6419,Apparel,106.43,14.27,120.7
10490,P1733,Apparel,39.66,8.03,47.69
10490,P5230,Apparel,19.07,2.36,21.43
10490,P6074,Beauty,67.28,6.81,74.09
10490,P5466,Apparel,90.54,6.26,96.8
10491,P7479,Beauty,33.82,0.12,33.94
10491,P4653,Electronics,79.91,5.01,84.92
10493,P7524,Apparel,79.57,2.16,81.73
10493,P5284,Home,47.64,2.39,50.03
10493,P4311,Electronics,65.26,3.32,68.58
10494,P8683,Apparel,15.57,8.36,23.93
10494,P7358,Beauty,14.17,1.92,16.09
10494,P2104,Apparel,12.15,5.82,17.97
10494,P3338,Apparel,39.78,3.11,42.89
10495,P3502,Books,30.53,4.78,35.31
10495,P3875,Home,72.98,2.11,75.09
10496,P4184,Sports,10.59,1.55,12.14
10496,P8217,Home,57.19,3.69,60.88
10496,P5715,Electronics,71.72,5.05,76.77
10498,P2067,Sports,81.19,0.48,81.67
10498,P3783,Beauty,46.21,0.15,46.36
10499,P4828,Home,8.61,7.57,16.18
10499,P7349,Electronics,35.49,4.72,40.21
10499,P1576,Sports,14.98,1.88,16.86
10501,P7325,Electronics,104.87,14.21,119.08
10502,P8850,Home,91.06,5.91,96.97
10502,P4667,Apparel,45.52,8.16,53.68
10502,P7364,Apparel,31.03,6.78,37.81
10504,P5912,Home,105.01,5.99,111
10504,P9871,Apparel,14.76,5.69,20.45
10506,P7648,Apparel,75.57,3.14,78.71
10506,P8410,Beauty,79.18,4.09,83.27
10506,P6534,Beauty,84.87,4.12,88.99
10506,P9682,Home,61.08,1.18,62.26
10507,P7688,Beauty,90.22,11.92,102.14
10507,P3315,Home,104.17,3.33,107.5
10507,P5920,Beauty,26.22,10.18,36.4
10508,P3567,Electronics,21.23,2.83,24.06
10508,P3954,Books,35.73,4.35,40.08
10508,P3823,Beauty,7.47,1.74,9.21
10508,P3553,Home,82.72,5.72,88.44
10509,P3139,Apparel,48.57,5.05,53.62
10509,P9693,Beauty,39.01,10.06,49.07
10510,P1351,Books,24.53,1.01,25.54
10511,P2081,Books,32.33,3.33,35.66
10511,P8317,Home,101.14,4.93,106.07
10512,P7712,Apparel,70.85,8.31,79.16
10512,P5607,Apparel,92.18,9.8,101.98
10513,P8289,Electronics,57.64,1.23,58.87
10513,P7241,Electronics,64.85,1.14,65.99
10514,P1325,Beauty,63.01,1.87,64.88
10514,P6566,Beauty,97.74,5.83,103.57
10514,P3210,Electronics,91.97,0.71,92.68
10515,P4229,Apparel,14.3,7.85,22.15
10515,P2361,Books,30.74,5.98,36.72
10515,P1261,Home,52.86,6.71,59.57
10515,P3769,Sports,75.46,3.51,78.97
10516,P4912,Beauty,56.78,2.6,59.38
10517,P5470,Beauty,88.86,3.01,91.87
10517,P2314,Books,88.77,5.86,94.63
10517,P1174,Home,51.83,1.17,53
10518,P7226,Home,65.83,14.11,79.94
10520,P6672,Beauty,63.68,1.16,64.84
10520,P5614,Books,27.23,1.69,28.92
10520,P2389,Home,12.65,3.94,16.59
10520,P2859,Books,80.53,7.55,88.08
10521,P2431,Electronics,32.83,12.51,45.34
10521,P6589,Electronics,11.8,0.21,12.01
10521,P8549,Sports,20.64,9.09,29.73
10523,P3272,Books,17.44,1.28,18.72
10523,P4040,Apparel,97.38,9.77,107.15
10523,P8093,Electronics,77.71,0.97,78.68
10524,P6249,Apparel,17.68,1.23,18.91
10524,P4232,Books,87.48,7.42,94.9
10525,P2003,Sports,113.23,7.32,120.55
10525,P3881,Beauty,37.32,0.1,37.42
10525,P4102,Apparel,48.74,13.7,62.44
10525,P4083,Books,28.46,11.88,40.34
10526,P4575,Sports,70.43,10,80.43
10526,P4944,Beauty,46.94,5.38,52.32
10526,P5123,Sports,11.41,13.9,25.31
10527,P8306,Sports,120.42,6.71,127.13
10528,P8385,Sports,48.61,13.1,61.71
10530,P6781,Apparel,75.94,0.52,76.46
10530,P7606,Beauty,61.83,5.7,67.53
10531,P7249,Electronics,102.7,9.18,111.88
10531,P8116,Books,24,4.26,28.26
10531,P4013,Books,106.18,1.76,107.94
10531,P3455,Apparel,18.07,4.56,22.63
10532,P9177,Apparel,38.05,9.46,47.51
10532,P8984,Beauty,73.75,13.29,87.04
10532,P2096,Books,19.1,15,34.1
10533,P9097,Sports,45.49,3.18,48.67
10533,P6046,Apparel,61.51,0.18,61.69
10533,P8028,Books,29.01,8.52,37.53
10533,P5618,Sports,24.38,1.75,26.13
10534,P4431,Electronics,75.49,6.5,81.99
10535,P8801,Home,55.29,7.57,62.86
10535,P6424,Home,49.11,4.85,53.96
10536,P4750,Home,66.88,4.81,71.69
10536,P5081,Books,52.08,1.99,54.07
10540,P9043,Apparel,68.33,0.86,69.19
10540,P5358,Beauty,66.27,9.38,75.65
10540,P5525,Electronics,51.21,8.19,59.4
10540,P1967,Books,21.09,8.93,30.02
10541,P6243,Sports,17.06,2.29,19.35
10541,P9786,Beauty,82.84,5.08,87.92
10541,P2972,Apparel,70.21,5.42,75.63
10541,P4193,Home,63.1,6.18,69.28
10542,P1414,Home,48.4,2.25,50.65
10544,P8276,Books,35.55,1.32,36.87
10544,P5521,Home,14.05,2.3,16.35
10544,P3668,Apparel,60.98,3.81,64.79
10544,P3030,Sports,15.68,8.03,23.71
10548,P6306,Sports,13.35,6.41,19.76
10548,P1565,Beauty,34.37,9.05,43.42
10548,P1645,Books,48.82,8.35,57.17
10548,P3160,Sports,17.54,10.59,28.13
10551,P6540,Electronics,120.28,15.17,135.45
10551,P9068,Electronics,70.49,11.71,82.2
10552,P8348,Sports,130.21,12.7,142.91
10552,P5272,Apparel,27.18,14.22,41.4
10553,P4811,Beauty,8.92,1.84,10.76
10553,P6234,Apparel,80.43,1.15,81.58
10554,P2113,Books,105.77,5.98,111.75
10555,P3689,Sports,138.76,7.94,146.7
10556,P4302,Sports,64.9,6.06,70.96
10556,P5265,Sports,47.71,3.06,50.77
10556,P1472,Beauty,27.76,4.45,32.21
10557,P4368,Beauty,68.68,6.24,74.92
10558,P4765,Home,77.92,10.1,88.02
10558,P4552,Sports,140.01,13.16,153.17
10558,P3964,Sports,13.87,0.2,14.07
10559,P6363,Beauty,147.63,6.03,153.66
10559,P3707,Beauty,153.05,9.35,162.4
10560,P5071,Sports,52.38,6.68,59.06
10560,P1511,Electronics,53.92,7.43,61.35
10560,P5493,Sports,9.52,0.09,9.61
10560,P3613,Electronics,29.39,3.21,32.6
10562,P5873,Electronics,27.55,5.49,33.04
10562,P5304,Electronics,76.04,2.53,78.57
10562,P4353,Beauty,78.52,7.46,85.98
10564,P8458,Electronics,14.43,6.09,20.52
10564,P1369,Sports,60.08,2.3,62.38
10566,P2067,Electronics,62.94,1.29,64.23
10566,P9149,Beauty,58.76,0.25,59.01
10566,P1217,Beauty,70.71,3.46,74.17
10566,P5601,Sports,75.96,5.52,81.48
10568,P5455,Apparel,102.37,0.3,102.67
10568,P1031,Apparel,35.89,5.63,41.52
10568,P8132,Books,13.54,7.07,20.61
10568,P4793,Sports,119.97,6.13,126.1
10569,P8475,Home,63.4,9.33,72.73
10570,P9859,Home,106.29,5.8,112.09
10570,P7668,Apparel,57.1,9.97,67.07
10573,P8073,Books,48.11,3.02,51.13
10573,P6452,Electronics,52.81,7.43,60.24
10573,P9834,Home,56.2,3.79,59.99
10573,P9296,Books,18.48,0.36,18.84
10576,P3612,Sports,32.38,5.31,37.69
10576,P4372,Sports,16.54,6.86,23.4
10577,P9214,Electronics,88.78,9.36,98.14
10577,P1066,Sports,11.25,1.11,12.36
10577,P3698,Home,99.79,7.07,106.86
10577,P6486,Books,29.59,7.55,37.14
10578,P2743,Apparel,50.84,6.3,57.14
10578,P4085,Apparel,55.81,3.81,59.62
10578,P9265,Books,5.65,6.66,12.31
10578,P6022,Electronics,44.42,7.69,52.11
10580,P2983,Apparel,13.82,0.48,14.3
10581,P5918,Books,37.2,5.86,43.06
10581,P8020,Home,36,1.75,37.75
10581,P1686,Sports,51.83,4.02,55.85
10582,P8759,Beauty,56.94,0.48,57.42
10583,P6751,Sports,95.93,5.16,101.09
10583,P1633,Books,64.05,0.34,64.39
10583,P5131,Beauty,94.7,1.06,95.76
10583,P2540,Sports,18.64,2.99,21.63
10584,P3103,Apparel,53.72,0.8,54.52
10584,P9295,Sports,73.23,6.56,79.79
10584,P5501,Beauty,11.02,1.52,12.54
10584,P9776,Books,49.9,6.73,56.63
10585,P9046,Home,67.6,7.7,75.3
10587,P2258,Beauty,14.2,1.3,15.5
10587,P7345,Apparel,43.4,2.09,45.49
10587,P7172,Books,68.85,7.6,76.45
10589,P2902,Books,75.14,10.93,86.07
10589,P1387,Electronics,34.35,2.05,36.4
10592,P1549,Books,48.21,3.51,51.72
10592,P2096,Home,39.8,5.89,45.69
10592,P6859,Electronics,12.44,7.37,19.81
10594,P9944,Sports,37.6,3.07,40.67
10596,P4805,Sports,70.56,8.74,79.3
10596,P7401,Apparel,31.86,2.08,33.94
10597,P3245,Sports,67.63,3.65,71.28
10597,P4498,Home,111.46,10.36,121.82
10597,P4508,Apparel,82.62,5.76,88.38
10598,P3382,Apparel,57.9,7.2,65.1
10599,P3698,Beauty,79.87,14.45,94.32
10600,P6250,Beauty,19.08,6.73,25.81
10600,P7122,Beauty,14.43,10.48,24.91
10600,P4681,Beauty,75.89,13.05,88.94
10601,P7660,Beauty,56.47,6.97,63.44
10601,P4954,Books,77.61,5.6,83.21
10602,P1506,Beauty,122.97,6.75,129.72
10602,P3384,Beauty,20.06,1.33,21.39
10602,P5601,Books,16.21,4.33,20.54
10603,P3248,Sports,58.08,8.43,66.51
10603,P6610,Beauty,42.43,7.7,50.13
10603,P5122,Sports,61.11,7.03,68.14
10603,P5734,Books,35.28,3.02,38.3
10604,P4922,Home,145.34,5.06,150.4
10604,P4143,Sports,38.25,15.17,53.42
10605,P4085,Home,26.29,3.56,29.85
10605,P5833,Sports,75.42,1.17,76.59
10605,P9892,Apparel,59.47,3.04,62.51
10605,P9521,Sports,30.78,6.71,37.49
10606,P7143,Apparel,75.16,6.8,81.96
10606,P8521,Apparel,36.3,6.02,42.32
10606,P2180,Sports,32.37,2.14,34.51
10607,P5539,Beauty,60.86,12.28,73.14
10607,P1835,Sports,73.89,2.47,76.36
10607,P2770,Beauty,80.91,6.06,86.97
10608,P9986,Electronics,133.74,4.33,138.07
10609,P6531,Books,56.69,0.1,56.79
10611,P5370,Home,39.3,1.94,41.24
10611,P1376,Sports,33.32,1.99,35.31
10611,P3815,Sports,51.39,6.41,57.8
10612,P3627,Apparel,53.35,0.16,53.51
10612,P5419,Electronics,55.92,5.73,61.65
10612,P7658,Beauty,17.05,2.29,19.34
10612,P3843,Apparel,27.28,5.69,32.97
10613,P8130,Electronics,10.86,10.47,21.33
10613,P8309,Sports,135.75,13.26,149.01
10613,P7693,Apparel,44.2,13.22,57.42
10614,P7228,Apparel,63.55,3.23,66.78
10614,P9053,Electronics,48.03,2.28,50.31
10614,P6276,Beauty,67.5,4.4,71.9
10614,P8244,Electronics,44.72,5.17,49.89
10615,P7187,Apparel,108.46,9.01,117.47
10615,P6148,Apparel,120.29,3.11,123.4
10615,P5762,Home,66.69,3.74,70.43
10616,P4998,Sports,87.54,9.49,97.03
10616,P1358,Books,70.92,4.47,75.39
10616,P1335,Beauty,59.31,3.55,62.86
10616,P7949,Beauty,46.82,4.4,51.22
10617,P9473,Apparel,22.84,8.7,31.54
10617,P1594,Sports,57.32,2,59.32
10617,P2474,Beauty,41.49,7.76,49.25
10617,P1820,Books,93.96,0.94,94.9
10619,P9528,Apparel,43.76,4.86,48.62
10619,P1854,Electronics,44.15,1.44,45.59
10619,P3882,Sports,105.72,12.23,117.95
10620,P2663,Apparel,98.15,1.2,99.35
10622,P1143,Apparel,50.86,1.68,52.54
10622,P9409,Home,77.91,6.9,84.81
10623,P3554,Beauty,30.04,0.75,30.79
10624,P5575,Sports,77.89,5.29,83.18
10624,P2800,Beauty,27.28,1.61,28.89
10625,P7183,Books,98.63,0.66,99.29
10625,P9027,Apparel,10.48,7.19,17.67
10626,P9602,Sports,48.05,3.39,51.44
10626,P6798,Beauty,81.03,7.92,88.95
10626,P7638,Sports,50.88,7.04,57.92
10626,P9243,Home,46.64,3.42,50.06
10627,P7021,Electronics,40.52,9.36,49.88
10627,P7268,Home,27.22,14.11,41.33
10628,P8371,Beauty,66.37,6.3,72.67
10628,P5947,Sports,67.58,6.29,73.87
10630,P4353,Beauty,77.99,7.22,85.21
10630,P5020,Beauty,29.28,14.92,44.2
10630,P5840,Apparel,140.45,14.33,154.78
10630,P7333,Home,18.06,7.22,25.28
10632,P9397,Electronics,52.5,2.98,55.48
10632,P8855,Sports,43.01,7.85,50.86
10632,P9302,Electronics,33.24,1.62,34.86
10632,P5417,Apparel,6.47,0.85,7.32
10633,P6350,Home,68.2,3.86,72.06
10633,P3020,Home,34.45,6.73,41.18
10633,P9420,Beauty,65.06,3.64,68.7
10633,P9289,Electronics,57.84,4.61,62.45
10634,P3329,Books,115.6,4.17,119.77
10634,P7461,Apparel,23.97,5.99,29.96
10634,P3178,Apparel,16.5,4.72,21.22
10634,P3484,Apparel,71.32,3.02,74.34
10635,P2082,Electronics,49.06,7.53,56.59
10635,P9085,Apparel,78.59,15.3,93.89
10636,P6416,Home,58.53,5.3,63.83
10636,P9520,Books,66.46,5.09,71.55
10636,P5018,Books,31.62,5.75,37.37
10636,P5459,Apparel,80,4.2,84.2
10637,P2744,Sports,54.13,13.47,67.6
10638,P3510,Apparel,130.54,3.65,134.19
10638,P7760,Electronics,105.41,7.43,112.84
10641,P3661,Sports,44.66,0.96,45.62
10641,P2086,Sports,61.29,11.03,72.32
10641,P7650,Home,110.64,0.67,111.31
10641,P1501,Beauty,25,5.62,30.62
10642,P4852,Sports,22.38,3.61,25.99
10642,P6506,Home,24.67,6.75,31.42
10642,P2357,Apparel,52.48,4.98,57.46
10642,P1139,Electronics,12.03,6.69,18.72
10643,P3186,Electronics,6.96,1.8,8.76
10643,P6853,Home,99.96,3.72,103.68
10644,P2637,Electronics,34.45,4.84,39.29
10645,P5379,Beauty,70.22,4.12,74.34
10645,P2174,Sports,28.45,7.03,35.48
10646,P5259,Apparel,10.69,5.09,15.78
10646,P2574,Apparel,56.05,5.88,61.93
10646,P1524,Beauty,53.15,5.79,58.94
10647,P7571,Sports,29.62,5.49,35.11
10647,P6067,Beauty,68.87,1.97,70.84
10647,P3436,Books,31.21,2.02,33.23
10648,P3419,Electronics,18.95,13.65,32.6
10650,P8890,Books,56.98,3.73,60.71
10650,P5956,Beauty,70.08,14.51,84.59
10650,P1554,Books,40.94,7.38,48.32
10652,P7512,Beauty,20.22,4.18,24.4
10652,P6356,Books,73.23,3.78,77.01
10652,P6157,Books,81.39,3.55,84.94
10654,P5105,Electronics,73.74,1.38,75.12
10654,P6481,Beauty,12.91,7.36,20.27
10655,P1151,Books,23.18,0.38,23.56
10655,P7111,Books,39.76,3.38,43.14
10656,P9273,Books,57.24,6.19,63.43
10656,P4222,Home,47.22,7.48,54.7
10656,P1645,Beauty,65.95,6.15,72.1
10657,P2028,Electronics,30.96,0.16,31.12
10657,P8594,Beauty,78.39,3.89,82.28
10657,P4651,Sports,55.97,8.61,64.58
10657,P1634,Beauty,29.25,8.31,37.56
10658,P1664,Beauty,26.4,4.46,30.86
10658,P7504,Apparel,80.23,3.77,84
10658,P5483,Electronics,39.31,8.05,47.36
10660,P4496,Sports,57.6,4.17,61.77
10660,P2898,Sports,57.44,2.42,59.86
10660,P6383,Apparel,78.17,3.27,81.44
10661,P2629,Books,24.86,4.03,28.89
10661,P3769,Apparel,78.6,6.14,84.74
10661,P3651,Books,28.52,2.16,30.68
10662,P5731,Books,34.27,1.52,35.79
10662,P2123,Home,155.69,10.79,166.48
10664,P2989,Apparel,26.91,7.05,33.96
10664,P8623,Sports,121.93,12.15,134.08
10664,P5559,Sports,28.17,10.43,38.6
10665,P4101,Electronics,54.54,5.33,59.87
10665,P2415,Sports,130.52,9.98,140.5
10665,P9553,Electronics,30.02,4.71,34.73
10666,P6757,Beauty,83.3,6.36,89.66
10666,P8084,Electronics,32.27,3.27,35.54
10667,P9099,Books,43.42,10.24,53.66
10668,P1687,Beauty,30.86,3.1,33.96
10668,P6823,Electronics,41.11,0.03,41.14
10668,P6549,Electronics,83.03,7.85,90.88
10668,P6163,Beauty,64.38,0.06,64.44
10670,P2908,Apparel,133.15,9.28,142.43
10671,P6582,Beauty,49,4.63,53.63
10671,P6194,Electronics,54.59,0.27,54.86
10671,P5807,Apparel,30.07,6.91,36.98
10671,P5918,Electronics,72.92,0.46,73.38
10674,P3507,Books,25.85,3.18,29.03
10674,P2218,Home,32.25,3.46,35.71
10675,P7666,Electronics,46.39,6.44,52.83
10675,P4027,Electronics,7.95,2.49,10.44
10675,P9600,Books,13.39,1.2,14.59
10676,P6468,Home,26.91,15.21,42.12
10677,P9868,Apparel,17.55,4.86,22.41
10678,P9946,Books,90.32,9.01,99.33
10679,P1852,Beauty,12.89,2.8,15.69
10679,P1065,Apparel,10.99,7.97,18.96
10679,P6916,Electronics,75.49,0.36,75.85
10680,P2701,Electronics,39.61,1.94,41.55
10680,P3075,Books,86.3,4.92,91.22
10681,P4457,Beauty,90.13,0.92,91.05
10681,P9647,Sports,107.5,3,110.5
10682,P3042,Home,25.94,7.42,33.36
10682,P9153,Books,39.8,5.62,45.42
10682,P4132,Electronics,84.93,3.52,88.45
10683,P2965,Sports,20.05,5.38,25.43
10683,P4782,Books,25.1,5.97,31.07
10684,P4573,Books,20.92,6.16,27.08
10685,P3365,Beauty,25.97,3.22,29.19
10686,P4302,Books,46.28,2.31,48.59
10686,P4080,Books,17.04,3.27,20.31
10686,P9026,Books,72.88,5.56,78.44
10686,P5130,Beauty,80.01,3.67,83.68
10687,P3305,Apparel,38.01,7.41,45.42
10687,P1225,Home,27.5,3.58,31.08
10687,P8445,Beauty,67.2,4.45,71.65
10688,P8178,Beauty,49.66,7.49,57.15
10688,P8961,Apparel,12.9,3.65,16.55
10688,P9350,Beauty,42.26,14.79,57.05
10688,P7075,Books,146.39,1.72,148.11
10689,P2755,Electronics,12.19,9.31,21.5
10689,P5002,Apparel,88.01,2.45,90.46
10689,P9682,Books,90.97,8.32,99.29
10689,P1055,Apparel,63.41,9.5,72.91
10690,P6019,Electronics,80.43,2.93,83.36
10690,P5455,Books,121.67,3.91,125.58
10690,P6847,Sports,39.44,6.27,45.71
10691,P6462,Home,79.03,3.76,82.79
10691,P1269,Beauty,43.54,14.94,58.48
10691,P3244,Books,21.5,8.81,30.31
10693,P8229,Electronics,109.55,15.22,124.77
10694,P1599,Books,41.64,5.79,47.43
10694,P2970,Home,12.1,9.17,21.27
10695,P2946,Apparel,12.93,7.76,20.69
10695,P9796,Electronics,68.75,6.64,75.39
10695,P1723,Books,54.92,6.39,61.31
10695,P1104,Beauty,59.62,4.54,64.16
10697,P2639,Apparel,91.55,10.04,101.59
10697,P5549,Electronics,60.72,2.59,63.31
10697,P6847,Electronics,52.64,3.95,56.59
10697,P2597,Beauty,66.27,1.86,68.13
10698,P3571,Books,35.91,1.9,37.81
10699,P4696,Home,77.51,10.32,87.83
10699,P4345,Sports,29.99,1.83,31.82
10700,P1575,Beauty,52.28,2.14,54.42
10700,P7887,Sports,28.67,10.5,39.17
10701,P9523,Books,79.84,2.57,82.41
10701,P6407,Books,56.58,6.56,63.14
10702,P8357,Sports,87.98,8.85,96.83
10702,P8292,Beauty,35.46,13.05,48.51
10703,P9772,Apparel,69.48,5.86,75.34
10704,P2854,Apparel,117.7,8.32,126.02
10705,P3215,Books,52.77,6.39,59.16
10705,P4797,Electronics,47.7,4.67,52.37
10705,P9907,Apparel,25.24,0.44,25.68
10705,P6556,Electronics,25.33,4.79,30.12
10706,P4363,Electronics,65.54,11.96,77.5
10706,P2464,Apparel,114.8,3.11,117.91
10708,P6532,Beauty,27.56,3.46,31.02
10708,P1447,Electronics,12.21,0.15,12.36
10708,P1497,Books,89,10.79,99.79
10710,P9831,Beauty,80.32,0.83,81.15
10710,P1423,Books,34.73,6.61,41.34
10712,P9257,Home,60.9,1.67,62.57
10712,P3609,Books,48.84,4.24,53.08
10712,P9847,Electronics,83.45,2.15,85.6
10713,P7216,Sports,54.34,0.36,54.7
10713,P1430,Beauty,8.76,3.65,12.41
10713,P5280,Electronics,52.58,0.02,52.6
10714,P9452,Home,55.52,0.74,56.26
10714,P3014,Home,47.15,3.4,50.55
10714,P9383,Apparel,37.97,6.7,44.67
10714,P1802,Apparel,83.27,3.1,86.37
10716,P4938,Books,78.79,6.34,85.13
10717,P1769,Apparel,10.66,2.25,12.91
10717,P9660,Electronics,73.44,2.12,75.56
10718,P5079,Sports,148.5,7.77,156.27
10718,P4075,Sports,38.62,11.21,49.83
10719,P3799,Books,36.97,5.69,42.66
10719,P6038,Sports,50.4,5.62,56.02
10720,P4504,Books,62.46,4.44,66.9
10720,P2346,Electronics,29.87,6.54,36.41
10720,P5777,Beauty,74.08,6.9,80.98
10721,P5761,Apparel,62.04,11.7,73.74
10721,P7046,Electronics,37.57,12.3,49.87
10721,P4140,Home,89.53,2.91,92.44
10721,P7181,Books,13.79,1.33,15.12
10722,P9207,Apparel,116.8,5.75,122.55
10724,P1942,Books,100.53,0.53,101.06
10725,P6817,Apparel,32.68,2.74,35.42
10725,P6162,Apparel,106.53,3.27,109.8
10725,P3316,Books,22.92,9.24,32.16
10726,P8642,Electronics,113.97,7.1,121.07
10727,P4950,Sports,17.43,15.22,32.65
10729,P6292,Beauty,41.96,6.32,48.28
10729,P1569,Apparel,16.11,6.34,22.45
10730,P6364,Sports,121.25,7.75,129
10731,P9592,Beauty,150.28,13.39,163.67
10733,P1481,Apparel,40.78,0.42,41.2
10735,P9583,Beauty,17.25,1.28,18.53
10735,P8737,Electronics,29.68,3.8,33.48
10735,P5647,Books,72.78,2.66,75.44
10736,P4501,Books,142.6,14.3,156.9
10737,P5699,Electronics,122.75,8.92,131.67
10738,P4190,Sports,30.68,15.55,46.23
10739,P7852,Apparel,76.1,5.23,81.33
10740,P1702,Apparel,46.34,3.42,49.76
10740,P6529,Home,55.03,6.54,61.57
10740,P8133,Apparel,44.2,3.32,47.52
10742,P3110,Sports,111.4,1.82,113.22
10743,P7518,Sports,139.24,5.64,144.88
10745,P2190,Electronics,63.08,10.11,73.19
10747,P9340,Home,62.21,12.75,74.96
10747,P8952,Sports,37.1,8.92,46.02
10747,P3336,Books,133.78,6.62,140.4
10748,P4966,Home,69.03,0.36,69.39
10748,P9647,Home,81.36,0.05,81.41
10748,P4889,Beauty,71.6,3.09,74.69
10750,P3033,Electronics,25.3,6.17,31.47
10750,P1295,Electronics,15.53,3.55,19.08
10750,P2062,Sports,79.78,4.85,84.63
10750,P1258,Home,31.89,1.74,33.63
10751,P7893,Home,51.3,1.39,52.69
10751,P5856,Sports,50.5,3.16,53.66
10751,P8474,Sports,55.92,6.38,62.3
10751,P9769,Electronics,75.31,2.48,77.79
10752,P6412,Books,80.23,2.09,82.32
10752,P9199,Sports,13.67,0.18,13.85
10752,P4185,Home,50.25,6.66,56.91
10752,P4654,Apparel,75.42,0.91,76.33
10753,P8749,Beauty,101,0.36,101.36
10754,P4737,Apparel,64.34,2.6,66.94
10754,P6927,Sports,53.16,2.74,55.9
10754,P3269,Books,24.72,7.98,32.7
10754,P5664,Books,75.93,6.36,82.29
10755,P3334,Beauty,75.17,0.99,76.16
10755,P1490,Books,49.99,3.65,53.64
10755,P7655,Sports,68.68,6.59,75.27
10757,P5358,Sports,58.64,3.65,62.29
10757,P7198,Electronics,67.03,3.21,70.24
10757,P4549,Home,37.51,0.61,38.12
10758,P6518,Apparel,125.61,4.8,130.41
10758,P5375,Electronics,46.23,2.94,49.17
10760,P4665,Electronics,106.75,2.08,108.83
10761,P4167,Beauty,45.11,0.63,45.74
10762,P9647,Electronics,13.68,0.81,14.49
10762,P5801,Electronics,78.33,3.43,81.76
10762,P6265,Books,77.69,10.53,88.22
10763,P7035,Books,42.61,1.36,43.97
10763,P9114,Apparel,62.6,2.55,65.15
10763,P3659,Beauty,45.39,2.66,48.05
10763,P3289,Electronics,69.38,4.25,73.63
10766,P1318,Books,15.79,1.15,16.94
10766,P9062,Sports,68.22,6.26,74.48
10766,P7299,Books,54.63,3.98,58.61
10766,P2094,Electronics,82.59,4.75,87.34
10767,P9741,Electronics,68.25,8.18,76.43
10767,P4320,Home,20.18,3.04,23.22
10767,P6147,Beauty,44.2,14.62,58.82
10768,P3691,Beauty,11.95,13.25,25.2
10769,P4585,Sports,34.19,5.93,40.12
10770,P8663,Sports,110.71,3.58,114.29
10770,P7160,Beauty,65.05,11.02,76.07
10772,P6292,Sports,9.46,8.07,17.53
10772,P9360,Electronics,16.65,3.32,19.97
10772,P5512,Electronics,81.89,0.79,82.68
10774,P3322,Beauty,77.16,1.65,78.81
10775,P2231,Books,45.85,7.69,53.54
10775,P9053,Electronics,70.98,5.37,76.35
10775,P4168,Sports,47.64,1.53,49.17
10775,P3811,Home,46.33,8.18,54.51
10776,P8175,Books,125.47,11.7,137.17
10776,P4795,Apparel,115.47,12.93,128.4
10776,P9442,Sports,43.79,1.72,45.51
10777,P9922,Books,8.99,8.02,17.01
10777,P2949,Books,67.47,4.11,71.58
10777,P9134,Beauty,52.39,0.62,53.01
10777,P3400,Apparel,92.6,5.29,97.89
10778,P3353,Home,120.08,5.78,125.86
10780,P6997,Electronics,83.38,5.7,89.08
10780,P8328,Electronics,66.54,4.53,71.07
10781,P9566,Beauty,74.32,9.1,83.42
10781,P3273,Books,97.58,2.16,99.74
10781,P1646,Home,74.13,12.04,86.17
10782,P5731,Apparel,39.31,5.12,44.43
10782,P3078,Sports,73.65,8.01,81.66
10782,P4765,Electronics,72.31,6.71,79.02
10784,P9312,Books,66.13,7.32,73.45
10784,P6533,Home,71.08,3.16,74.24
10784,P2081,Books,67.27,5.85,73.12
10784,P9940,Books,15.35,3.67,19.02
10785,P4211,Sports,37.54,3.32,40.86
10785,P1429,Sports,66.7,5.58,72.28
10786,P2040,Home,35.43,0.66,36.09
10786,P9108,Books,54.82,8.18,63
10786,P3456,Sports,47.33,3.23,50.56
10786,P9146,Sports,50.64,3.67,54.31
10787,P9092,Apparel,57.01,9,66.01
10787,P6214,Books,15.96,10.04,26
10788,P4890,Beauty,104.1,10.65,114.75
10791,P8481,Beauty,62.65,2.79,65.44
10791,P3751,Sports,8.6,5.66,14.26
10791,P6613,Home,76.14,1.48,77.62
10791,P9578,Home,26.63,1.53,28.16
10793,P3180,Apparel,55.64,5.33,60.97
10793,P5411,Books,47.36,4.84,52.2
10793,P4187,Beauty,70.69,1.87,72.56
10794,P4057,Electronics,62.56,8.12,70.68
10794,P8918,Sports,68.94,6.41,75.35
10794,P3747,Apparel,81.55,3.04,84.59
10795,P4641,Beauty,142.09,3.32,145.41
10795,P7062,Home,83.95,11.7,95.65
10796,P6314,Sports,26.21,3.25,29.46
10796,P5707,Electronics,53.42,6.35,59.77
10796,P2965,Home,23.18,1.63,24.81
10796,P2220,Books,75.68,6.92,82.6
10797,P4262,Beauty,97.62,2.57,100.19
10800,P6328,Home,41,4.8,45.8
10801,P7872,Home,76.72,2.55,79.27
10801,P2595,Beauty,88.76,11.31,100.07
10802,P2787,Apparel,60.26,5.4,65.66
10802,P1576,Home,80.11,6.66,86.77
10802,P9670,Home,19.5,3.22,22.72
10803,P1985,Books,96.55,7.37,103.92
10805,P4850,Beauty,8.38,4.15,12.53
10805,P6706,Sports,64.2,9.85,74.05
10807,P9297,Beauty,10.18,2.72,12.9
10807,P8245,Beauty,67.72,3.78,71.5
10807,P9072,Home,29.02,1.41,30.43
10807,P5581,Books,32.09,2.83,34.92
10809,P9225,Books,71.58,2.42,74
10809,P2944,Apparel,29.48,5.16,34.64
10809,P6444,Electronics,69.29,3.6,72.89
10810,P4802,Books,24.62,5.67,30.29
10810,P2896,Electronics,84.24,1.15,85.39
10810,P1091,Home,76.88,0.61,77.49
10811,P9516,Books,25.01,4.73,29.74
10811,P9038,Sports,100.22,6.02,106.24
10813,P3125,Books,51.81,8.55,60.36
10813,P3747,Home,98.05,11.28,109.33
10813,P2140,Home,38.41,10.88,49.29
10814,P1116,Apparel,39.55,2.24,41.79
10815,P2472,Electronics,65.31,0.13,65.44
10816,P8727,Home,8.37,1.55,9.92
10816,P8471,Beauty,51.65,0.82,52.47
10816,P8865,Apparel,75.14,8.44,83.58
10816,P6950,Beauty,34.34,7,41.34
10817,P1535,Beauty,19.92,1.6,21.52
10817,P8431,Home,20.57,0.93,21.5
10817,P2675,Beauty,93.41,5.71,99.12
10818,P4249,Apparel,19.62,10.72,30.34
10818,P4049,Beauty,125.02,11.36,136.38
10818,P4507,Electronics,57.84,2.69,60.53
10818,P2651,Books,70.38,2.67,73.05
10819,P5967,Books,72.54,0.63,73.17
10819,P3728,Apparel,48.96,1.21,50.17
10819,P5006,Home,56.82,5.9,62.72
10820,P7846,Home,91.35,4.81,96.16
10820,P9078,Electronics,81.61,10.06,91.67
10821,P2908,Sports,69.17,6.51,75.68
10821,P8189,Apparel,75.63,5.07,80.7
10821,P2144,Electronics,20.24,1.46,21.7
10822,P6355,Books,14.42,4.12,18.54
10822,P9502,Apparel,51.04,4.69,55.73
10822,P2614,Apparel,15.84,0.24,16.08
10822,P1889,Apparel,67.79,3.34,71.13
10825,P8628,Sports,69.17,5.76,74.93
10825,P8182,Sports,45.07,7.25,52.32
10825,P7098,Home,59.19,5.82,65.01
10825,P9765,Books,45.93,1.55,47.48
10826,P6254,Apparel,77.93,5.42,83.35
10826,P3670,Electronics,41.68,2.91,44.59
10826,P2533,Apparel,73.96,4.79,78.75
10827,P8831,Books,12.37,4.2,16.57
10827,P4159,Home,93.95,10.2,104.15
10827,P1080,Electronics,88.55,2.73,91.28
10828,P2522,Electronics,28.41,6.41,34.82
10828,P1793,Sports,104.71,1.57,106.28
10828,P4395,Books,22.41,1.64,24.05
10828,P8542,Apparel,19.1,7.42,26.52
10829,P3121,Electronics,26.81,6.28,33.09
10830,P3228,Electronics,100.31,0.49,100.8
10831,P4507,Apparel,24.8,6.15,30.95
10831,P7230,Electronics,33.6,1.9,35.5
10831,P3930,Home,25.76,0.13,25.89
10831,P5939,Beauty,66.48,6.56,73.04
10832,P2645,Apparel,121.69,4.39,126.08
10833,P6351,Home,126.32,8.38,134.7
10833,P3110,Apparel,30.05,4.17,34.22
10835,P1020,Electronics,69.14,6.18,75.32
10835,P6656,Apparel,61.71,4.78,66.49
10835,P1279,Apparel,66.69,4.9,71.59
10835,P3324,Electronics,23.54,3.81,27.35
10836,P4473,Beauty,41.91,10.97,52.88
10836,P3558,Electronics,36.64,0.89,37.53
10836,P1881,Electronics,23.5,5.72,29.22
10837,P8259,Electronics,34.62,9.66,44.28
10837,P7982,Books,115.45,1.33,116.78
10837,P3072,Sports,13.66,3.56,17.22
10838,P3598,Home,56.91,14.86,71.77
10839,P1530,Apparel,86.32,10.38,96.7
10840,P7038,Sports,77.27,5.38,82.65
10840,P2063,Beauty,75.61,2.59,78.2
10840,P6702,Home,40.31,5.68,45.99
10840,P5032,Home,27.94,7.08,35.02
10841,P9424,Electronics,91.2,12,103.2
10842,P2474,Electronics,75.82,4.3,80.12
10842,P9919,Beauty,33.97,8.06,42.03
10843,P6615,Sports,14.83,11.23,26.06
10843,P9329,Books,19.25,1.31,20.56
10844,P5714,Home,22.01,0.74,22.75
10844,P9061,Home,151.63,14.88,166.51
10846,P9652,Sports,73.75,5.45,79.2
10847,P9129,Beauty,60.75,5,65.75
10847,P6468,Electronics,21.64,4.72,26.36
10847,P4282,Apparel,83.98,6.75,90.73
10847,P8200,Sports,37.16,6.91,44.07
10848,P6787,Beauty,41.15,1.29,42.44
10848,P3264,Sports,10.97,2.09,13.06
10848,P1943,Books,74.91,0.17,75.08
10848,P6088,Home,38.41,3.69,42.1
10849,P8956,Electronics,126.17,0.79,126.96
10851,P5303,Home,15.83,11.69,27.52
10852,P5416,Books,92.36,10.92,103.28
10853,P6188,Apparel,57.95,5.94,63.89
10853,P9222,Apparel,8.92,5.13,14.05
10853,P9141,Electronics,68.94,2.5,71.44
10855,P4664,Sports,69.48,6.1,75.58
10855,P8192,Books,15.79,5.74,21.53
10855,P5794,Books,22.18,5.13,27.31
10855,P2631,Electronics,55.8,4.73,60.53
10856,P6280,Apparel,23.89,1.46,25.35
10856,P9444,Beauty,19.95,6.19,26.14
10856,P2866,Books,51.93,2.43,54.36
10858,P5327,Electronics,10.85,6.91,17.76
10858,P3286,Apparel,74.86,7.13,81.99
10858,P8548,Electronics,22.41,0.43,22.84
10858,P7729,Sports,71.79,0.89,72.68
10859,P9941,Electronics,111.06,11.65,122.71
10859,P9404,Electronics,36.97,8.84,45.81
10859,P8349,Sports,69.44,12.83,82.27
10861,P9806,Electronics,82.12,8.09,90.21
10862,P5982,Sports,145.52,13.95,159.47
10864,P7124,Sports,82.66,8.17,90.83
10864,P2011,Beauty,78.71,4.53,83.24
10865,P8754,Sports,9.27,3.98,13.25
10865,P4095,Books,12.94,7.08,20.02
10865,P7606,Beauty,49.77,2.51,52.28
10866,P3709,Books,69.66,2.27,71.93
10866,P9268,Sports,58.16,4.7,62.86
10866,P8817,Apparel,41.93,6.32,48.25
10866,P6810,Books,55.41,2.25,57.66
10867,P5065,Home,72.59,7.71,80.3
10869,P8540,Books,35.19,0.9,36.09
10869,P7523,Sports,68.15,6.76,74.91
10869,P7908,Apparel,28.56,0.38,28.94
10871,P5338,Sports,54.77,7.16,61.93
10871,P9383,Sports,61.25,3.48,64.73
10871,P3505,Home,27.29,5.82,33.11
10872,P6825,Beauty,24.52,12.06,36.58
10873,P3048,Books,63.11,7.67,70.78
10873,P4637,Electronics,75.77,8.12,83.89
10874,P8856,Beauty,30.42,4.03,34.45
10875,P2850,Electronics,54.07,3.34,57.41
10877,P3674,Home,106.67,15.4,122.07
10877,P4495,Apparel,114.47,1.69,116.16
10879,P7563,Home,57.17,7.97,65.14
10881,P2595,Beauty,31.46,1.94,33.4
10881,P4166,Beauty,56.68,0.49,57.17
10881,P7822,Books,52.51,0.44,52.95
10882,P9818,Sports,28.86,4.03,32.89
10883,P1046,Sports,89.18,14.16,103.34
10884,P8255,Sports,17,2.28,19.28
10884,P2713,Home,38.03,7.12,45.15
10884,P7463,Apparel,71.43,5.23,76.66
10884,P7917,Books,35.12,2.23,37.35
10885,P8214,Books,82.06,3.32,85.38
10885,P6117,Home,78.53,3.2,81.73
10886,P6137,Home,59.94,4.07,64.01
10887,P3958,Electronics,28.47,2.11,30.58
10888,P7921,Home,26.91,7.4,34.31
10889,P7469,Apparel,131.61,8.38,139.99
10890,P8954,Home,64.62,0.87,65.49
10890,P5933,Electronics,17.55,9.27,26.82
10890,P5099,Apparel,53.9,15.16,69.06
10893,P8067,Books,135.62,9.55,145.17
10893,P8140,Beauty,70.04,5.09,75.13
10893,P6091,Home,33.9,12.77,46.67
10894,P4150,Home,65.81,8.11,73.92
10894,P3143,Sports,68.73,0.24,68.97
10894,P7626,Apparel,72.79,3.1,75.89
10894,P4019,Beauty,67.01,7.17,74.18
10895,P6472,Books,43.36,1.4,44.76
10895,P1879,Sports,81.72,2.95,84.67
10895,P3625,Electronics,92.14,8.7,100.84
10896,P8404,Apparel,32.55,2.82,35.37
10897,P2698,Home,77.13,4.71,81.84
10897,P2637,Electronics,27.97,8.56,36.53
10898,P9458,Sports,12.58,7.41,19.99
10899,P4209,Books,44.37,4.7,49.07
10899,P6871,Electronics,19.15,5,24.15
10899,P5476,Beauty,78.57,7.54,86.11
10899,P5310,Beauty,16.18,6.03,22.21
10900,P3697,Electronics,17.14,0.93,18.07
10900,P8843,Electronics,21.59,2.11,23.7
10900,P7322,Home,23.47,2.91,26.38
10900,P3765,Sports,9.37,4.66,14.03
10901,P5396,Sports,57.62,3.95,61.57
10901,P5169,Electronics,14.98,14.73,29.71
10902,P3525,Electronics,14.34,7.93,22.27
10902,P9802,Books,82.8,2.4,85.2
10906,P2390,Books,79.3,6.16,85.46
10906,P4379,Beauty,39.97,6.5,46.47
10906,P3725,Apparel,57.69,5.42,63.11
10906,P9829,Beauty,18.91,1.61,20.52
10907,P5045,Electronics,53.16,3.25,56.41
10909,P7334,Home,84.08,2.22,86.3
10909,P6324,Sports,113.97,11.22,125.19
10909,P5370,Books,65.96,9.51,75.47
10910,P1193,Home,72.06,7.4,79.46
10910,P2701,Electronics,72.86,7.25,80.11
10911,P5167,Home,83.13,2.34,85.47
10911,P8004,Books,80.51,2.2,82.71
10911,P9766,Electronics,70.35,1.76,72.11
10911,P4562,Home,59.57,3.99,63.56
10913,P9792,Apparel,56.06,1.04,57.1
10913,P5185,Beauty,80.89,4.3,85.19
10913,P7972,Sports,63.25,6.75,70
10914,P6152,Books,97.59,4.77,102.36
10914,P8853,Beauty,94.67,2.07,96.74
10915,P9854,Electronics,73.17,8.29,81.46
10916,P4337,Books,25.4,2.25,27.65
10916,P3666,Sports,56.45,4.98,61.43
10916,P2690,Sports,24.06,4.77,28.83
10916,P9191,Apparel,82.1,8.27,90.37
10919,P3748,Books,50.92,7.76,58.68
10920,P8558,Electronics,19.58,8.14,27.72
10921,P2369,Books,47.29,0.12,47.41
10921,P2522,Home,26.95,4.24,31.19
10921,P5740,Home,13.76,8.02,21.78
10921,P2393,Home,74.54,7.1,81.64
10922,P3265,Beauty,50.64,12.22,62.86
10923,P1276,Electronics,10.93,11.44,22.37
10924,P8168,Home,122.75,7.56,130.31
10924,P1754,Electronics,48.3,11.6,59.9
10924,P7388,Beauty,60.46,11.52,71.98
10925,P4683,Electronics,113.62,10.98,124.6
10925,P6307,Home,10.63,6.97,17.6
10925,P5405,Electronics,68.47,12.77,81.24
10926,P4189,Electronics,75.82,0.21,76.03
10926,P3307,Beauty,62.67,2.77,65.44
10926,P7639,Beauty,77.29,7.76,85.05
10926,P1252,Apparel,58.67,6.28,64.95
10927,P8951,Beauty,69.35,8.45,77.8
10930,P8024,Home,14.86,12.52,27.38
10931,P2425,Books,96.99,1.98,98.97
10932,P1095,Beauty,8.99,10.93,19.92
10932,P2193,Sports,45.92,1.56,47.48
10933,P2929,Home,59.96,10.73,70.69
10933,P2478,Beauty,57.51,3.21,60.72
10933,P7309,Books,84.43,5.39,89.82
10934,P3370,Electronics,89.28,12.44,101.72
10935,P2219,Sports,147.71,5.21,152.92
10935,P5330,Beauty,18.17,11.04,29.21
10936,P6678,Home,129.93,1.48,131.41
10936,P1743,Books,48.03,6.85,54.88
10936,P1047,Home,66.63,7.13,73.76
10937,P1000,Apparel,98.04,4.21,102.25
10937,P1815,Books,69.14,10.76,79.9
10939,P3228,Electronics,67.11,2.87,69.98
10939,P3910,Home,116.19,6.37,122.56
10939,P6375,Sports,29.63,7.59,37.22
10940,P9465,Electronics,17.31,6.94,24.25
10940,P8415,Apparel,30.97,3.74,34.71
10940,P2187,Apparel,21.53,14.19,35.72
10941,P1966,Home,147.69,10.01,157.7
10942,P2324,Books,22.95,2.9,25.85
10943,P8218,Books,63.22,14.77,77.99
10944,P8927,Sports,42.77,0.18,42.95
10944,P2419,Home,108.48,9.87,118.35
10944,P6361,Sports,71.63,3.72,75.35
10944,P3307,Books,40.45,9.64,50.09
10945,P7752,Beauty,52.1,4.82,56.92
10945,P8736,Home,15.91,2.16,18.07
10945,P9432,Electronics,38.01,6.15,44.16
10945,P6093,Apparel,82.23,1.7,83.93
10946,P2158,Apparel,109.65,8.75,118.4
10949,P5862,Apparel,72.06,0.7,72.76
10949,P6897,Apparel,99.34,8,107.34
10949,P4964,Beauty,31.22,7.8,39.02
10949,P9682,Home,89.86,1.55,91.41
10950,P5118,Beauty,21.05,4.66,25.71
10950,P9964,Home,79.59,4.28,83.87
10950,P4733,Home,82.5,2.71,85.21
10950,P5881,Beauty,78.81,6.78,85.59
10952,P8356,Home,73.79,4.01,77.8
10952,P7505,Sports,38.69,0.81,39.5
10952,P1159,Apparel,26.37,1.86,28.23
10952,P6317,Sports,10.02,9.54,19.56
10953,P2640,Apparel,24.92,1.3,26.22
10954,P1884,Books,79.48,5.73,85.21
10954,P1389,Books,60.69,1.41,62.1
10954,P4830,Beauty,61.82,3.11,64.93
10955,P6140,Books,30.09,6.83,36.92
10956,P1831,Electronics,10.01,11.26,21.27
10956,P3999,Electronics,47.76,4.42,52.18
10956,P5253,Home,126.83,8.57,135.4
10957,P3115,Electronics,65.58,5.91,71.49
10957,P6797,Beauty,52.25,0.41,52.66
10957,P1459,Books,63.86,5.66,69.52
10957,P1788,Apparel,57.85,6.96,64.81
10958,P2941,Books,12.18,10.76,22.94
10958,P1514,Electronics,50.79,1.96,52.75
10958,P5656,Apparel,72.77,7.9,80.67
10959,P9936,Sports,72.19,1.96,74.15
10959,P7124,Home,43.8,8.43,52.23
10959,P6920,Books,66.99,1.65,68.64
10960,P9970,Books,13.2,8.9,22.1
10962,P3053,Beauty,83.34,10.83,94.17
10962,P4175,Books,139.95,3.39,143.34
10964,P7143,Home,58.86,9.31,68.17
10964,P8511,Apparel,8.3,3.79,12.09
10964,P6475,Beauty,74.88,8.18,83.06
10966,P3130,Apparel,115.82,3.68,119.5
10966,P9802,Beauty,27.96,1.24,29.2
10966,P4060,Home,27.97,0.71,28.68
10966,P3448,Books,111.62,8.25,119.87
10967,P7910,Sports,16.2,13.96,30.16
10968,P9863,Home,40.56,8.78,49.34
10969,P2911,Sports,25.46,0.12,25.58
10969,P3229,Electronics,35.71,3.73,39.44
10969,P6480,Sports,78.32,2.37,80.69
10969,P9897,Beauty,31.79,7.36,39.15
10970,P4936,Home,34.22,0.72,34.94
10970,P1138,Beauty,106.35,13.54,119.89
10970,P9530,Books,30.49,5.68,36.17
10970,P8591,Apparel,21.37,7.08,28.45
10972,P6640,Electronics,142.51,1.78,144.29
10972,P1100,Apparel,43.25,11.73,54.98
10974,P3039,Electronics,61.74,14.2,75.94
10974,P1070,Sports,93.81,7.63,101.44
10975,P8152,Beauty,25.9,1.74,27.64
10976,P8707,Sports,79.2,7.13,86.33
10976,P9466,Apparel,74.8,0.97,75.77
10976,P6565,Electronics,75.26,7.75,83.01
10978,P4538,Sports,65.62,5.87,71.49
10978,P3532,Electronics,48.52,3.16,51.68
10978,P3824,Sports,76.83,4.03,80.86
10978,P6095,Sports,27.24,8.08,35.32
10980,P8811,Sports,30.51,11.27,41.78
10981,P3216,Books,92.62,9.74,102.36
10981,P2452,Books,94.38,0.59,94.97
10982,P6896,Electronics,71.76,14.87,86.63
10983,P1213,Books,11.88,1.98,13.86
10983,P1830,Apparel,15.65,3.24,18.89
10984,P2691,Beauty,43.71,10.11,53.82
10984,P3140,Apparel,45.1,2.11,47.21
10984,P1770,Sports,16.75,3.65,20.4
10984,P1941,Beauty,32.98,2.14,35.12
10985,P9802,Beauty,76.41,0.8,77.21
10985,P1375,Apparel,15.95,0.59,16.54
10985,P7811,Books,18.29,5.03,23.32
10987,P1669,Beauty,53.87,13.49,67.36
10991,P2955,Sports,119.47,8.28,127.75
10991,P9867,Electronics,48.79,13.14,61.93
10992,P2329,Sports,66.77,2.54,69.31
10995,P1915,Electronics,71.53,0.22,71.75
10995,P7843,Home,69.5,13.81,83.31
10997,P1664,Beauty,125.28,11.48,136.76
10997,P3506,Beauty,37.3,5.16,42.46
10997,P6931,Electronics,78.41,10.53,88.94
10997,P5173,Home,16.11,7.6,23.71
10999,P7829,Sports,119.6,10.92,130.52
10999,P7175,Home,11.37,9.86,21.23
10999,P3767,Apparel,74.61,1.97,76.58
11000,P6628,Apparel,111.97,9.32,121.29
11000,P3478,Books,81.8,4.49,86.29
11000,P1643,Electronics,98.05,11.9,109.95
11001,P4933,Books,101.08,6.36,107.44
11002,P5319,Books,97.88,10.65,108.53
11003,P6974,Apparel,75.29,5.6,80.89
11003,P4314,Sports,24.09,2.06,26.15
11003,P2289,Electronics,69.02,2.02,71.04
11003,P9667,Books,71.02,7.13,78.15
11006,P5400,Books,36.21,5.8,42.01
11006,P5395,Beauty,31.53,3.81,35.34
11006,P6496,Books,66.13,7.57,73.7
11006,P7073,Apparel,33.87,2.02,35.89
11007,P9237,Beauty,35.92,6.12,42.04
11007,P4418,Beauty,81.04,0.53,81.57
11007,P5678,Home,15.51,1.48,16.99
11009,P7538,Sports,23.14,5.33,28.47
11009,P7081,Sports,31.16,12.27,43.43
11009,P8318,Sports,65.91,4.72,70.63
11010,P5684,Home,34.11,1.77,35.88
11011,P6189,Beauty,129.3,4.69,133.99
11011,P8418,Home,41.48,12.64,54.12
11012,P1296,Books,122.56,3.52,126.08
11012,P2998,Electronics,88.18,10.71,98.89
11013,P5601,Home,62.82,3.75,66.57
11015,P9160,Sports,86.56,2.77,89.33
11015,P3680,Electronics,18.31,2.07,20.38
11015,P9667,Books,100.13,7.22,107.35
11015,P3418,Beauty,86.47,9.34,95.81
11016,P2826,Beauty,30.29,5.85,36.14
11016,P1764,Home,114.57,8.07,122.64
11016,P8197,Books,90,10.18,100.18
11017,P9505,Electronics,101.79,4.01,105.8
11019,P3919,Electronics,14.09,2.37,16.46
11022,P4192,Home,37.53,7.23,44.76
11023,P2422,Apparel,121.5,8.25,129.75
11025,P7402,Home,61.2,4.35,65.55
11025,P4055,Apparel,76.67,0.22,76.89
11025,P5032,Sports,62.54,7.19,69.73
11028,P8253,Apparel,17.23,1.27,18.5
11028,P9555,Apparel,60.42,1.6,62.02
11029,P4638,Electronics,52.23,13.3,65.53
11029,P7993,Home,43.24,3.54,46.78
11030,P9156,Electronics,80.21,5.74,85.95
11030,P4275,Electronics,115.03,11.89,126.92
11030,P3042,Beauty,15.14,0.21,15.35
11030,P4641,Apparel,64.39,5.22,69.61
11031,P8122,Books,13.29,7.6,20.89
11031,P5231,Books,68.79,4.72,73.51
11032,P3146,Apparel,37.66,7.69,45.35
11032,P4550,Apparel,26.76,9.89,36.65
11032,P3644,Books,100.29,1.44,101.73
11032,P5784,Books,55.18,6.47,61.65
11033,P4016,Books,69.55,8.32,77.87
11033,P1936,Apparel,63.17,2.97,66.14
11034,P5008,Books,78.13,4.65,82.78
11034,P1908,Electronics,84,1.12,85.12
11037,P5995,Books,47.46,11.26,58.72
11037,P1222,Electronics,88.93,4.26,93.19
11037,P3859,Books,17.56,10.19,27.75
11037,P5699,Beauty,89.89,6.68,96.57
11040,P6986,Sports,130.99,7.38,138.37
11040,P8801,Beauty,19.6,11.4,31
11041,P5385,Home,23,15.25,38.25
11042,P4465,Sports,83.89,6.72,90.61
11043,P1986,Sports,44.53,6.76,51.29
11043,P1297,Beauty,68.59,6.81,75.4
11043,P1244,Home,18.83,8.2,27.03
11043,P2574,Electronics,54.42,5.47,59.89
11044,P7611,Books,65.4,13.23,78.63
11044,P7651,Beauty,78.7,9.05,87.75
11045,P4037,Electronics,126.57,15.37,141.94
11045,P1463,Apparel,74.15,6.07,80.22
11046,P4407,Home,24.2,5.35,29.55
11046,P6058,Books,59.3,7.56,66.86
11046,P7262,Apparel,14.64,0.77,15.41
11046,P9396,Home,29.81,0.26,30.07
11048,P3597,Apparel,23.88,1.22,25.1
11048,P1385,Electronics,51.55,2.95,54.5
11048,P5633,Home,43.72,3.18,46.9
11049,P1019,Home,59.23,8.18,67.41
11049,P7482,Apparel,52.89,6.47,59.36
11049,P8131,Home,40.89,7.65,48.54
11049,P8375,Beauty,50.74,6.59,57.33
11053,P6694,Beauty,126.94,5.91,132.85
11054,P4263,Home,56.23,3.44,59.67
11054,P5462,Electronics,96.14,6.02,102.16
11055,P6867,Beauty,40.56,0.93,41.49
11055,P6260,Apparel,50.68,3.22,53.9
11056,P8580,Home,22.41,7,29.41
11056,P4846,Beauty,92.1,5.64,97.74
11056,P9593,Electronics,114.18,8.12,122.3
11057,P7782,Sports,36.45,7.75,44.2
11057,P6413,Books,39.68,2.51,42.19
11057,P5786,Home,74.17,7.92,82.09
11058,P6002,Books,47.88,1.14,49.02
11058,P5007,Sports,28.07,8.88,36.95
11058,P5234,Sports,45.71,11.01,56.72
11061,P3807,Home,12.9,11.84,24.74
11061,P9200,Apparel,43.09,9.26,52.35
11061,P4580,Beauty,29.08,11.28,40.36
11061,P9558,Sports,107.81,8.32,116.13
11062,P1130,Electronics,29.41,1.02,30.43
11062,P3839,Sports,47.42,0.6,48.02
11062,P8846,Electronics,85.48,7.49,92.97
11063,P3161,Home,59.42,12.48,71.9
11063,P5944,Apparel,15.83,0.16,15.99
11063,P7250,Home,92.91,13.23,106.14
11063,P1894,Electronics,32.01,9.53,41.54
11064,P2880,Books,126.66,1.53,128.19
11064,P7446,Apparel,107.81,6.62,114.43
11065,P8722,Apparel,44.64,4.01,48.65
11065,P2292,Electronics,69.56,5.11,74.67
11065,P5277,Sports,75.56,11.23,86.79
11065,P5249,Books,47.94,3.55,51.49
11066,P9880,Beauty,22.95,0.61,23.56
11066,P5859,Sports,34.68,7.43,42.11
11066,P3223,Apparel,20.54,3.42,23.96
11066,P8495,Electronics,72.86,1.64,74.5
11068,P9264,Books,76.04,9.04,85.08
11068,P7492,Books,111.32,12.49,123.81
11069,P6141,Electronics,90.79,14.07,104.86
11070,P1821,Sports,73.05,3.21,76.26
11070,P8983,Apparel,75.07,5.49,80.56
11071,P4741,Apparel,96.62,0.66,97.28
11071,P1768,Sports,91.59,9.47,101.06
11071,P5592,Apparel,24.7,6.34,31.04
11072,P3511,Apparel,39.68,8.11,47.79
11072,P1266,Sports,125.89,0.14,126.03
11073,P8675,Electronics,42.35,3.95,46.3
11073,P8008,Beauty,20.25,10.8,31.05
11074,P8837,Electronics,40.9,3.67,44.57
11074,P6164,Sports,54.77,6.47,61.24
11074,P5554,Apparel,77.96,0.49,78.45
11075,P4781,Electronics,21.79,14.09,35.88
11075,P8989,Books,95.1,12,107.1
11076,P2115,Electronics,28.9,4.62,33.52
11076,P1268,Sports,128.26,12.44,140.7
11080,P7776,Home,18.92,12.7,31.62
11081,P2664,Books,74.84,3.88,78.72
11081,P6261,Beauty,55.95,5.8,61.75
11081,P3996,Home,38.05,5.23,43.28
11082,P9795,Beauty,62.78,8.45,71.23
11083,P3430,Apparel,77.24,4.51,81.75
11083,P3947,Home,51.83,8.96,60.79
11083,P6623,Apparel,34.85,0.38,35.23
11083,P5173,Beauty,41.81,5.14,46.95
11084,P8395,Apparel,76.71,9.26,85.97
11084,P4052,Sports,115.84,1.13,116.97
11085,P7814,Sports,9.51,6.26,15.77
11085,P2211,Books,57.53,6.02,63.55
11085,P8941,Beauty,77.75,7.76,85.51
11085,P4695,Home,64.19,7.18,71.37
11086,P5125,Electronics,60.21,6.06,66.27
11086,P2792,Books,38.95,5.86,44.81
11086,P9064,Beauty,15.85,1.72,17.57
11087,P3679,Apparel,35.26,5.88,41.14
11087,P3364,Electronics,52.24,3.75,55.99
11087,P6251,Electronics,54.05,4.88,58.93
11088,P4151,Sports,138.4,5.97,144.37
11088,P9840,Apparel,118.14,0.03,118.17
11088,P5948,Apparel,39.86,4.52,44.38
11089,P3723,Electronics,26.84,0.17,27.01
11089,P7185,Electronics,73.04,5.16,78.2
11089,P6131,Sports,59.26,0.6,59.86
11090,P6186,Beauty,55.36,1.76,57.12
11090,P9159,Beauty,23.88,1.55,25.43
11090,P6876,Beauty,30.6,1.43,32.03
11090,P7543,Sports,17.64,3.51,21.15
11091,P5683,Sports,115.97,2.46,118.43
11091,P7725,Electronics,20.79,14.42,35.21
11091,P6174,Apparel,16.52,9.23,25.75
11092,P3525,Apparel,39.77,3.89,43.66
11092,P5860,Books,37.63,6.94,44.57
11092,P8069,Books,65.49,1.51,67
11092,P9427,Beauty,11.56,5.57,17.13
11093,P4677,Electronics,50.09,8.33,58.42
11094,P3487,Electronics,98.25,0.99,99.24
11094,P2249,Electronics,112.68,2.04,114.72
11097,P7577,Beauty,57.31,5.35,62.66
11097,P2797,Home,89.94,1.04,90.98
11098,P3910,Books,10.54,12.4,22.94
11098,P9156,Sports,145.52,14.29,159.81
11099,P7542,Books,37.09,7.94,45.03
11099,P8132,Books,29.97,6.26,36.23
11099,P3953,Books,15.74,2.48,18.22
11099,P8145,Electronics,53.47,6.01,59.48
11100,P2047,Electronics,38.55,0.27,38.82
11100,P9714,Electronics,51.79,9.54,61.33
11101,P3513,Electronics,42.53,5.17,47.7
11102,P5549,Sports,53.38,8.2,61.58
11102,P3635,Sports,59.74,0.81,60.55
11102,P1326,Sports,60.35,0.93,61.28
11102,P7714,Electronics,22.8,3.63,26.43
11104,P4089,Sports,59.42,8.49,67.91
11104,P6351,Electronics,10.96,9.85,20.81
11105,P1031,Apparel,75.09,7.55,82.64
11105,P7847,Home,48.96,1.36,50.32
11105,P2023,Sports,19,6.54,25.54
11108,P3905,Beauty,78.79,7.2,85.99
11108,P9218,Sports,83.45,1.74,85.19
11108,P4339,Sports,75.61,5.66,81.27
11108,P2364,Apparel,69.46,3.42,72.88
11110,P8111,Apparel,46.46,1.11,47.57
11110,P1013,Sports,37.25,8.24,45.49
11110,P3569,Electronics,25.88,7.05,32.93
11110,P3496,Apparel,96.21,7.6,103.81
11111,P1324,Sports,79.83,11.05,90.88
11112,P3736,Books,62.31,6.94,69.25
11112,P9563,Electronics,55.37,7.85,63.22
11112,P5052,Electronics,72.74,6.83,79.57
11112,P8284,Electronics,54.3,3.93,58.23
11113,P6772,Beauty,144.09,10.84,154.93
11115,P9864,Sports,72.49,5.4,77.89
11115,P3919,Books,29.04,5.55,34.59
11115,P3468,Books,58.56,8.32,66.88
11115,P7541,Books,36.24,3.09,39.33
11116,P9310,Home,75.66,4.81,80.47
11116,P6626,Sports,92.74,14.86,107.6
11117,P1368,Books,42.27,1.68,43.95
11117,P7750,Beauty,38.86,5.83,44.69
11117,P2031,Beauty,75.74,12.22,87.96
11117,P1353,Beauty,73.89,4.86,78.75
11118,P6766,Home,101.24,7.14,108.38
11118,P7645,Books,92.13,8.18,100.31
11118,P9258,Home,19.61,7.29,26.9
11118,P5734,Home,24.59,6.61,31.2
11120,P9736,Apparel,36.85,4.89,41.74
11120,P9744,Electronics,83.78,2.46,86.24
11120,P3730,Electronics,26.39,2.65,29.04
11121,P1514,Electronics,31.21,1.43,32.64
11121,P1640,Apparel,36.84,8.07,44.91
11121,P2002,Beauty,36.97,4.64,41.61
11121,P9759,Electronics,71.45,1.5,72.95
11122,P9841,Sports,17.07,2.31,19.38
11122,P1674,Sports,60.89,9.1,69.99
11122,P9861,Home,53.8,6.94,60.74
11124,P2736,Home,106.75,9.4,116.15
11124,P4875,Sports,49.44,12.44,61.88
11124,P7071,Electronics,26.05,12.14,38.19
11124,P6651,Electronics,14,2.69,16.69
11125,P6830,Electronics,52.02,7.3,59.32
11125,P6856,Books,21.54,7.65,29.19
11125,P4138,Beauty,28.55,4.69,33.24
11125,P5820,Beauty,82.33,5.59,87.92
11126,P1572,Sports,79.14,6.46,85.6
11127,P3154,Home,49.28,13.67,62.95
11127,P8929,Sports,87.74,0.61,88.35
11127,P7567,Home,96.95,13.47,110.42
11129,P3322,Apparel,54.21,0.6,54.81
11129,P8146,Apparel,27.4,14.2,41.6
11129,P3920,Beauty,30.34,14.55,44.89
11130,P6034,Beauty,84.79,2.71,87.5
11130,P5727,Beauty,95.35,3.19,98.54
11130,P4650,Books,84.04,3.91,87.95
11131,P4797,Apparel,18.16,9.55,27.71
11131,P2340,Sports,32.1,0.07,32.17
11131,P4574,Apparel,38.83,8.44,47.27
11134,P2497,Beauty,15.62,1.55,17.17
11134,P4880,Electronics,78.46,6.54,85
11135,P7973,Books,81.64,4.16,85.8
11135,P5036,Home,47.63,4.58,52.21
11136,P3801,Books,58.53,4.66,63.19
11136,P6673,Apparel,51.42,2.56,53.98
11136,P7653,Apparel,61.48,2.62,64.1
11137,P1772,Electronics,52.69,0.73,53.42
11138,P3312,Home,103.39,5.56,108.95
11138,P5846,Home,74.23,8.25,82.48
11139,P4328,Apparel,42.89,11.75,54.64
11139,P9754,Electronics,52.39,6.77,59.16
11139,P4567,Electronics,38,1.73,39.73
11139,P4293,Beauty,20,10.92,30.92
11140,P8862,Sports,20.35,12.39,32.74
11140,P8123,Sports,79.59,0.16,79.75
11141,P6364,Home,94.79,2.39,97.18
11141,P9386,Books,31.26,9.14,40.4
11141,P2759,Electronics,18.15,6.34,24.49
11141,P5792,Home,52.08,5.38,57.46
11142,P2069,Apparel,52.05,3.34,55.39
11142,P3237,Home,23.2,6.83,30.03
11142,P7161,Sports,53,2.16,55.16
11142,P6594,Books,67.84,2.2,70.04
11143,P4833,Beauty,35.82,0.21,36.03
11143,P2392,Books,93.39,2.09,95.48
11143,P5759,Sports,79.7,8.51,88.21
11144,P9431,Books,30.81,2.49,33.3
11144,P8500,Sports,31.04,6.77,37.81
11145,P9032,Apparel,49.59,7.36,56.95
11145,P9518,Home,55.39,4.79,60.18
11145,P1841,Apparel,79.72,6.23,85.95
11145,P8581,Apparel,16.85,3.7,20.55
11146,P8403,Apparel,53.96,8.44,62.4
11148,P9669,Electronics,78.22,6.31,84.53
11148,P6385,Home,77.41,2.2,79.61
11148,P4376,Electronics,67.53,6.68,74.21
11148,P9570,Beauty,44.51,7.34,51.85
11149,P1486,Electronics,36.93,3.39,40.32
11150,P9827,Sports,82.91,4.13,87.04
11150,P1186,Electronics,27.17,7.7,34.87
11151,P3734,Books,126.14,10.24,136.38
11152,P3421,Beauty,50.84,3.11,53.95
11152,P4403,Sports,73.14,7.77,80.91
11152,P6129,Apparel,70.13,3.14,73.27
11152,P8613,Books,45.16,6.31,51.47
11153,P7464,Books,56.76,1.98,58.74
11156,P8771,Apparel,149.95,8.31,158.26
11157,P9765,Sports,19.01,8.28,27.29
11158,P3222,Electronics,44.03,0.81,44.84
11159,P8206,Apparel,35.32,3.37,38.69
11159,P7569,Electronics,22.62,2.93,25.55
11159,P1988,Sports,24.84,2.97,27.81
11159,P6271,Books,6.16,2.81,8.97
11160,P8378,Electronics,44.77,10.47,55.24
11160,P7321,Books,32.47,7.13,39.6
11160,P4046,Beauty,31.76,5.34,37.1
11160,P2659,Home,42.73,9.61,52.34
11161,P3977,Sports,135.63,6.98,142.61
11161,P7911,Beauty,13.76,2.34,16.1
11164,P5833,Beauty,5.96,7.68,13.64
11164,P5176,Apparel,46.47,3.17,49.64
11164,P7753,Home,10.98,5.92,16.9
11164,P8566,Electronics,8.34,0.88,9.22
11165,P5908,Books,113.32,4.22,117.54
11165,P7116,Beauty,105.86,0.54,106.4
11165,P9959,Electronics,12.82,8.44,21.26
11166,P9341,Apparel,71.88,14.56,86.44
11166,P5433,Electronics,48.74,4.04,52.78
11166,P4766,Beauty,27.3,11.78,39.08
11166,P1354,Sports,56.55,3.3,59.85
11167,P1058,Beauty,82.51,4.06,86.57
11168,P9341,Sports,47.67,7.21,54.88
11168,P6744,Beauty,65.6,7.31,72.91
11169,P5356,Apparel,71.92,1.04,72.96
11169,P2963,Apparel,7.27,8.13,15.4
11169,P5439,Electronics,64.99,7.05,72.04
11169,P5998,Books,65.62,0.29,65.91
11170,P8261,Sports,82.24,8.55,90.79
11171,P7630,Sports,42.78,3.65,46.43
11171,P5113,Home,121.2,7.01,128.21
11171,P1204,Electronics,44.27,0.13,44.4
11172,P7867,Home,38.51,12.88,51.39
11174,P5333,Sports,25.38,1.82,27.2
11174,P2111,Apparel,132.75,12.62,145.37
11175,P6834,Apparel,75.73,5.13,80.86
11175,P5579,Beauty,41.8,0.06,41.86
11176,P7082,Electronics,68.46,1.83,70.29
11176,P1974,Apparel,98.06,7.41,105.47
11176,P2618,Sports,59.61,7.1,66.71
11177,P8628,Apparel,64.45,4.57,69.02
11177,P8776,Electronics,51.65,6.17,57.82
11178,P5891,Home,13.46,4.78,18.24
11178,P4505,Apparel,23.12,0.14,23.26
11179,P7250,Beauty,46.82,0.83,47.65
11179,P9948,Apparel,9.54,0.1,9.64
11179,P1918,Beauty,40.77,5.48,46.25
11180,P4873,Electronics,15.03,5.23,20.26
11180,P3220,Beauty,140.47,6.46,146.93
11181,P1981,Beauty,56.85,3.49,60.34
11181,P1201,Electronics,58.84,1.52,60.36
11181,P8560,Electronics,90.39,2.4,92.79
11182,P9344,Sports,128.78,8.84,137.62
11182,P9120,Beauty,139.2,10.22,149.42
11183,P9126,Books,55.43,1.38,56.81
11183,P2120,Electronics,74.17,6.79,80.96
11183,P6019,Beauty,104.81,5.64,110.45
11184,P3158,Home,135.15,14.52,149.67
11184,P7509,Apparel,62.89,1.44,64.33
11184,P5421,Electronics,31.38,2.82,34.2
11185,P1278,Books,143.45,10.36,153.81
11185,P8308,Sports,49.95,11.57,61.52
11189,P3992,Apparel,35.06,0.19,35.25
11189,P2546,Beauty,55.89,2.97,58.86
11189,P2292,Apparel,77.96,3.95,81.91
11189,P1394,Books,42.1,6.87,48.97
